CODE_NUTS3,POP_DENS,POP 0-14,POP 15-29,POP 30-44,POP 45-59,POP_GROWTH,HOUSEHOLDS,DWELLINGS
DEC03,529.0,15559.0,20069.0,21641.0,32475.0,-1.0,66252,69098
DE945,721.0,9054.0,14393.0,11290.0,16540.0,1.0,43962,45708
DE221,1096.0,9366.0,13431.0,14711.0,15587.0,9.0,38229,38163
DE502,1505.0,16522.0,20190.0,19902.0,24406.0,4.0,62067,64077
FRB02,73.0,82263.0,65200.0,78313.0,88375.0,0.0,182984,213656
DE725,73.0,12987.0,15962.0,16978.0,26193.0,0.0,50235,51572
UKH23,727.0,231685.0,200654.0,246316.0,249725.0,3.0,505062,495053
DE94E,168.0,51946.0,59597.0,60595.0,86191.0,1.0,161549,159247
DE266,78.0,10722.0,12858.0,13174.0,19628.0,0.0,36966,39146
DE22A,95.0,16098.0,20781.0,21187.0,28912.0,3.0,54232,54467
NL212,369.0,25204.0,28164.0,27484.0,35289.0,2.0,69203,68791
DEC06,183.0,9951.0,12815.0,13909.0,22171.0,-2.0,41648,43928
FRG04,90.0,101435.0,90828.0,95375.0,112132.0,-1.0,247856,289186
DEA44,117.0,19052.0,23085.0,22356.0,34227.0,-2.0,63900,67310
DED53,98.0,25339.0,21593.0,34754.0,49237.0,0.0,100548,109863
UKE32,1599.0,100682.0,151540.0,106827.0,106791.0,4.0,252982,249034
DEG02,620.0,11337.0,11587.0,15620.0,20995.0,-1.0,55602,61126
NL342,258.0,44331.0,47088.0,45765.0,60119.0,2.0,125748,132810
DEA41,1287.0,47419.0,65204.0,63409.0,70749.0,1.0,169002,171137
DEB24,66.0,7551.0,9326.0,9458.0,14743.0,-1.0,28539,32791
UKN16,39.0,24022.0,20640.0,22588.0,23918.0,2.0,44845,49174
DEB3B,219.0,17997.0,20445.0,22645.0,32227.0,3.0,57201,59617
RO125,80.0,88631.0,89451.0,113602.0,107504.0,-2.0,189416,232616
DEB1B,203.0,27711.0,31978.0,34507.0,50219.0,1.0,90695,52261
UKK23,164.0,93221.0,85367.0,89063.0,121328.0,4.0,251110,150871
NL311,863.0,232013.0,264564.0,258419.0,281809.0,6.0,602452,572804
UKK43,122.0,123295.0,131324.0,124481.0,168090.0,5.0,359829,377142
DE118,312.0,49198.0,58937.0,64787.0,82051.0,5.0,155549,157103
DEG0J,101.0,10382.0,9122.0,14269.0,20354.0,-2.0,40645,42855
DE238,139.0,27612.0,31614.0,36076.0,48064.0,4.0,88007,87900
FRB05,52.0,55201.0,47987.0,54500.0,68918.0,0.0,148850,182656
CH070,126.0,47262.0,55564.0,66137.0,85262.0,2.0,163212,240779
DE244,795.0,5956.0,8129.0,7772.0,10167.0,3.0,26113,27321
UKF22,301.0,125034.0,132707.0,129790.0,160557.0,6.0,317975,319076
UKN14,288.0,27776.0,25027.0,28694.0,31134.0,5.0,59084,62324
DE600,2498.0,261011.0,344130.0,417818.0,391391.0,6.0,1013795,963622
DEA45,280.0,50963.0,58070.0,56593.0,80765.0,1.0,165698,172424
FRC12,29.0,28470.0,26073.0,29815.0,41097.0,-5.0,98645,141465
SE232,59.0,303196.0,325049.0,334202.0,324727.0,6.0,776293,814191
FR101,20334.0,297869.0,497195.0,465642.0,400913.0,-3.0,1123970,1373139
DE80J,47.0,32647.0,29946.0,44216.0,64531.0,-1.0,135718,148194
DEA52,2096.0,79274.0,110199.0,111900.0,129034.0,2.0,314343,317139
DE406,74.0,22129.0,19395.0,30312.0,42381.0,4.0,82001,84579
FRD12,82.0,79856.0,72853.0,79923.0,102049.0,-1.0,224582,294982
UKE11,3656.0,49565.0,59266.0,51681.0,49209.0,2.0,119758,121704
UKJ25,794.0,147583.0,138003.0,151411.0,168532.0,3.0,330170,328917
FRE11,451.0,500741.0,511956.0,495068.0,493781.0,0.0,1093771,1203975
DEA29,403.0,34667.0,41363.0,43396.0,63013.0,2.0,115221,119772
RO113,105.0,99741.0,124780.0,174614.0,131619.0,0.0,261465,343533
DE21N,140.0,19132.0,22176.0,23262.0,32384.0,4.0,64064,64174
UKJ11,728.0,186210.0,158988.0,197537.0,189233.0,4.0,377635,377061
DE27B,101.0,20182.0,23555.0,24574.0,33153.0,4.0,65922,66915
DE734,183.0,30081.0,34697.0,38039.0,57827.0,1.0,115298,115798
UKG31,4299.0,247318.0,283551.0,228599.0,193900.0,4.0,457306,440439
UKD36,1881.0,116241.0,108001.0,116317.0,130350.0,2.0,272176,271202
CH055,257.0,77477.0,95971.0,101938.0,111993.0,3.0,219959,257078
FRM01,40.0,23936.0,22461.0,30215.0,34543.0,5.0,68694,116327
DEG0E,68.0,7842.0,7317.0,11723.0,15698.0,-2.0,30182,32103
UKI43,11582.0,88315.0,127173.0,141248.0,89893.0,5.0,227194,213251
UKI32,11784.0,41186.0,55174.0,72937.0,47276.0,11.0,129937,125666
UKD11,114.0,37355.0,37116.0,37712.0,52973.0,0.0,107465,114878
DEF0A,119.0,16538.0,17806.0,19329.0,32186.0,1.0,62938,64742
SE212,21.0,36514.0,37854.0,36405.0,36316.0,7.0,90945,96290
DE40D,39.0,12147.0,11146.0,16854.0,25091.0,0.0,50559,54082
DEB13,200.0,17251.0,20991.0,20997.0,31385.0,0.0,58572,62434
DE80N,62.0,29115.0,31775.0,40977.0,55853.0,-1.0,123078,137458
UKN13,198.0,28347.0,25994.0,28121.0,29604.0,3.0,58263,61291
DED2E,167.0,32483.0,25367.0,42110.0,57402.0,-1.0,124242,136002
DE273,1089.0,8893.0,13389.0,12945.0,14076.0,6.0,36109,35414
UKD63,383.0,57973.0,57365.0,58991.0,74589.0,3.0,153454,159953
FRJ26,50.0,32034.0,31319.0,34696.0,47707.0,-1.0,106492,160664
DEB23,60.0,13628.0,16277.0,16964.0,23968.0,2.0,44319,51856
DE211,1026.0,19091.0,25760.0,30219.0,28429.0,6.0,69229,69274
DE225,80.0,9638.0,13176.0,13205.0,19690.0,1.0,36437,37810
DE713,2843.0,20003.0,24371.0,28059.0,26670.0,7.0,64619,61820
DE26B,138.0,15351.0,18858.0,19764.0,28283.0,2.0,53681,54831
DE128,518.0,76819.0,88467.0,98514.0,131496.0,3.0,262037,266663
DE25A,79.0,13604.0,16553.0,17491.0,24497.0,3.0,45683,45895
NL132,184.0,24760.0,27180.0,26614.0,39257.0,0.0,75492,76996
DEA22,2323.0,47874.0,68102.0,66290.0,68334.0,5.0,171094,173795
UKJ31,5358.0,38126.0,57837.0,41467.0,39136.0,4.0,93846,91118
DE71A,1073.0,35857.0,35411.0,44960.0,57170.0,4.0,114975,113194
DEA11,2855.0,84624.0,108299.0,137373.0,134868.0,4.0,345371,346207
DEA27,665.0,66220.0,74428.0,83100.0,113014.0,3.0,220234,222620
DEA26,279.0,35823.0,44675.0,44405.0,63235.0,2.0,122432,124927
DEF07,77.0,21208.0,27073.0,26080.0,39705.0,2.0,82615,98180
DEC05,341.0,16777.0,22073.0,22692.0,34642.0,-1.0,70595,73483
FR102,241.0,297247.0,264533.0,287928.0,290189.0,3.0,554540,604082
DE401,314.0,8529.0,9229.0,12942.0,15869.0,1.0,40801,43339
UKG22,101.0,49746.0,49566.0,51912.0,71925.0,4.0,142334,145979
UKF11,3322.0,51410.0,53745.0,49919.0,49284.0,3.0,110574,110902
DEA36,809.0,80416.0,96840.0,103821.0,149516.0,0.0,306681,316695
DEB37,660.0,5099.0,6599.0,6263.0,9209.0,1.0,21640,24676
DE11C,212.0,18603.0,22426.0,23464.0,30388.0,4.0,61443,63099
UKH21,4972.0,49723.0,42155.0,49944.0,37724.0,2.0,82259,80190
DEB22,96.0,14798.0,17183.0,18936.0,27231.0,1.0,52198,59103
DEB12,164.0,16046.0,20089.0,20208.0,31545.0,2.0,63002,67878
NL125,145.0,23207.0,23350.0,22408.0,32440.0,6.0,62202,65525
DE21H,528.0,53924.0,56991.0,67617.0,80612.0,6.0,165634,163913
DEF0E,129.0,17418.0,20582.0,20706.0,33868.0,1.0,64800,65468
DE241,1425.0,9598.0,17622.0,15602.0,15801.0,9.0,43876,43535
FRI12,160.0,275364.0,308154.0,314651.0,322356.0,6.0,735252,842290
UKJ14,266.0,123692.0,135593.0,131350.0,139783.0,3.0,285084,294244
DEB3J,347.0,29973.0,32057.0,36882.0,53278.0,3.0,98017,103126
UKG38,2753.0,58335.0,53231.0,53857.0,55620.0,4.0,118983,116281
UKI44,9618.0,117238.0,138853.0,175375.0,115732.0,5.0,274018,261802
CH061,275.0,62505.0,77019.0,84642.0,91652.0,5.0,176082,197239
UKF21,4889.0,72636.0,97953.0,70838.0,58196.0,6.0,139391,137257
DEA55,3042.0,20522.0,27360.0,27611.0,36231.0,1.0,79425,83627
UKM92,23.0,22141.0,22512.0,22081.0,34035.0,0.0,69987,75154
UKI31,11042.0,45228.0,69315.0,69804.0,46729.0,13.0,127902,112303
DE40A,116.0,28794.0,24979.0,37453.0,55158.0,3.0,102340,103704
UKK12,569.0,117815.0,132977.0,123156.0,142213.0,5.0,302711,299116
DE139,284.0,33199.0,38010.0,41444.0,55320.0,3.0,108891,111221
RO411,84.0,90092.0,103173.0,136028.0,130439.0,-4.0,229784,286234
DE215,126.0,13468.0,17868.0,19058.0,23699.0,3.0,53022,53475
DEG0K,70.0,9995.0,8963.0,13687.0,19893.0,-3.0,40797,44600
DE237,66.0,12102.0,15809.0,16378.0,23671.0,-1.0,43567,46497
FRK21,113.0,128604.0,105598.0,127627.0,137623.0,5.0,271426,308213
DE40H,79.0,22625.0,20800.0,31165.0,42677.0,4.0,82623,85442
FRK25,159.0,137851.0,128440.0,131184.0,148152.0,1.0,338236,393846
DE932,96.0,26080.0,29024.0,30779.0,47836.0,1.0,98632,103953
RO412,57.0,42794.0,52548.0,66872.0,75467.0,-5.0,114567,160678
UKN09,354.0,28569.0,25697.0,29009.0,34589.0,3.0,69698,74409
RO116,55.0,35420.0,34376.0,40996.0,44994.0,-4.0,75814,102931
ITC20,39.0,16630.0,17822.0,22701.0,30843.0,-2.0,60265,108564
UKI71,4571.0,80219.0,72161.0,93496.0,75353.0,6.0,157353,152543
FRH04,109.0,124071.0,108555.0,124915.0,155684.0,2.0,343433,459041
DEA5A,245.0,36952.0,50674.0,47401.0,63662.0,1.0,133058,137409
DE258,382.0,15875.0,16991.0,20683.0,28855.0,2.0,57424,57838
PT150,87.0,64860.0,67122.0,92363.0,92348.0,-2.0,185994,382211
RO316,152.0,103654.0,106835.0,150524.0,160838.0,-4.0,257168,327620
CH023,347.0,38593.0,47519.0,53064.0,64238.0,4.0,121260,136968
UKH14,200.0,129923.0,121260.0,130127.0,158147.0,3.0,339077,344948
UKI41,11066.0,130995.0,147963.0,190005.0,100323.0,9.0,245657,227311
FRC11,61.0,86726.0,102242.0,94509.0,105022.0,1.0,246027,285069
UKG36,3302.0,58904.0,55372.0,58106.0,67204.0,2.0,139359,139297
RO422,32.0,37826.0,42733.0,55150.0,59402.0,-5.0,97039,137671
UKM73,191.0,35016.0,32174.0,35804.0,43701.0,5.0,87035,89810
FRE12,219.0,278337.0,253232.0,273127.0,291055.0,0.0,608848,707568
DE251,420.0,5672.0,7638.0,7564.0,9397.0,5.0,21864,22074
SI031,85.0,15136.0,14822.0,23683.0,25856.0,-2.0,43842,48175
UKJ32,4961.0,44390.0,74721.0,49850.0,40957.0,4.0,110159,107405
DE923,186.0,19018.0,22210.0,22972.0,35770.0,0.0,78641,80599
DE268,133.0,12184.0,15338.0,16223.0,22134.0,3.0,42366,42350
DEF01,1795.0,11383.0,20885.0,15259.0,18237.0,6.0,53944,49936
UKD34,2440.0,97413.0,93117.0,105505.0,96998.0,4.0,222897,217376
DE122,1813.0,37870.0,72213.0,65265.0,63992.0,5.0,168854,159146
RO224,113.0,77395.0,83554.0,103655.0,106555.0,-4.0,186234,233317
CH031,5297.0,25663.0,32259.0,46433.0,41071.0,3.0,97123,110422
UKF24,294.0,78308.0,68679.0,79530.0,85796.0,5.0,174618,173464
DE409,89.0,25310.0,20071.0,34653.0,50764.0,3.0,95239,98534
RO122,102.0,91383.0,85295.0,125388.0,105339.0,-1.0,202852,252886
UKM91,25.0,18011.0,16662.0,17256.0,27233.0,2.0,55441,58764
FRI23,67.0,57269.0,60642.0,61498.0,74789.0,-1.0,179767,218972
DE40C,79.0,22270.0,19008.0,30134.0,44450.0,0.0,88869,94636
NL211,252.0,67259.0,70941.0,68224.0,77586.0,3.0,157614,158203
UKM78,428.0,33624.0,31659.0,36187.0,41419.0,3.0,79552,80547
NL412,514.0,73816.0,94485.0,85719.0,102808.0,3.0,217669,211574
DE279,337.0,24452.0,30276.0,32958.0,39682.0,4.0,83157,83296
DE91B,166.0,15282.0,18799.0,19148.0,30271.0,0.0,60725,61467
CH024,222.0,27831.0,33057.0,35350.0,38683.0,1.0,81132,95330
FRM02,38.0,27188.0,28850.0,33417.0,37344.0,5.0,80276,129305
DE26C,168.0,22147.0,25957.0,28973.0,38997.0,2.0,77054,78500
FRI34,62.0,72037.0,80895.0,74221.0,84955.0,1.0,202198,237778
RO414,72.0,52859.0,62635.0,78053.0,88652.0,-6.0,145255,191105
NL33D,934.0,64380.0,67773.0,67042.0,79687.0,-6.0,161330,142557
DEA17,2740.0,27742.0,35040.0,38119.0,49201.0,1.0,109229,110278
DE94A,158.0,12637.0,14756.0,14586.0,24000.0,1.0,50409,52289
SE125,48.0,48256.0,49652.0,48690.0,53156.0,5.0,127512,135181
DE135,181.0,19985.0,23596.0,23718.0,32996.0,3.0,64050,66882
DE941,1244.0,11070.0,13452.0,13393.0,17560.0,5.0,39546,38861
CH062,34.0,5408.0,6549.0,6815.0,8134.0,2.0,15253,19855
ES620,130.0,253987.0,251560.0,336775.0,326033.0,1.0,540682,793812
DE93A,64.0,11487.0,14084.0,14286.0,22816.0,0.0,47591,48468
RO311,85.0,82361.0,89740.0,124031.0,130130.0,-4.0,218809,280654
DEA31,1163.0,14921.0,18913.0,20251.0,28383.0,1.0,58864,59323
UKC23,2021.0,46434.0,52562.0,48995.0,58993.0,1.0,126170,128789
DE949,112.0,48026.0,58323.0,59114.0,75703.0,3.0,140621,139758
FRJ27,67.0,63069.0,56045.0,63987.0,80560.0,1.0,174944,209191
DE252,1453.0,14924.0,25717.0,22886.0,22503.0,6.0,62577,64517
UKI62,4490.0,81376.0,68245.0,87143.0,79520.0,3.0,161690,161509
UKE22,77.0,97914.0,90425.0,98122.0,140390.0,3.0,275951,293891
DEG0B,100.0,15124.0,14584.0,21724.0,30740.0,-3.0,62529,64586
FRJ23,219.0,244288.0,295137.0,286232.0,268816.0,6.0,637625,703119
DEA34,260.0,55494.0,66023.0,64126.0,89972.0,1.0,159023,161278
FRD22,198.0,225630.0,225330.0,225196.0,245128.0,0.0,558527,633849
DE123,410.0,61108.0,72194.0,80415.0,107369.0,4.0,205938,206660
UKM71,119.0,40945.0,55050.0,47408.0,53775.0,1.0,127136,131760
UKK11,4222.0,82205.0,129405.0,102567.0,73923.0,6.0,207898,200733
UKI53,6153.0,123644.0,113282.0,148901.0,106608.0,4.0,222020,208443
DE40B,90.0,12816.0,11570.0,18141.0,27202.0,-3.0,58268,63383
DE935,138.0,26067.0,32334.0,32991.0,43676.0,3.0,90019,89994
DEE09,101.0,24615.0,24737.0,34841.0,52384.0,-4.0,112468,125735
DEA42,376.0,53573.0,63440.0,65289.0,87476.0,3.0,163566,165121
RO415,61.0,46525.0,52206.0,65988.0,77558.0,-4.0,136996,184297
DE239,101.0,19342.0,25003.0,26796.0,35920.0,3.0,68975,69134
DEF0F,318.0,34690.0,33960.0,42394.0,60265.0,4.0,115327,114370
FRI14,61.0,53066.0,46469.0,53801.0,67119.0,0.0,151192,184028
DEA5B,227.0,41993.0,49841.0,51766.0,73303.0,2.0,140211,143361
DE934,39.0,5869.0,6549.0,7033.0,11605.0,-1.0,24373,26471
DE24B,109.0,8442.0,10871.0,11732.0,18293.0,-1.0,35883,37138
SI033,68.0,10180.0,9768.0,14509.0,15919.0,-1.0,28540,26805
DEE04,36.0,10780.0,9873.0,14232.0,21696.0,-3.0,40829,45044
DE939,167.0,29015.0,33323.0,35427.0,47701.0,3.0,97444,98546
DE111,3076.0,83654.0,129984.0,149217.0,127664.0,5.0,333253,316697
UKH12,215.0,115676.0,122300.0,123815.0,135118.0,3.0,276239,281761
FRD13,46.0,45163.0,39899.0,43762.0,57325.0,-2.0,127270,164492
DEB1D,104.0,13369.0,15936.0,17058.0,25293.0,1.0,47678,97673
ES220,62.0,100166.0,99003.0,134600.0,145749.0,2.0,256932,320820
DEF0C,98.0,27551.0,30432.0,31575.0,48588.0,2.0,95587,99078
FRJ12,127.0,126942.0,115352.0,126798.0,154369.0,2.0,331366,418651
ES130,108.0,76793.0,75477.0,122362.0,136001.0,-2.0,238583,363405
SI044,110.0,16132.0,15204.0,25301.0,25046.0,2.0,47547,55218
UKM50,76.0,79867.0,93278.0,102006.0,102445.0,1.0,223513,238572
UKK13,240.0,108275.0,104877.0,112140.0,138815.0,5.0,283219,291224
UKG32,1216.0,39754.0,35513.0,37412.0,46318.0,3.0,93957,92339
DEB35,2213.0,27058.0,51249.0,46787.0,41639.0,6.0,114204,117329
RO211,88.0,101679.0,103837.0,111405.0,118287.0,-3.0,219727,282485
DE27D,105.0,18871.0,23201.0,24871.0,31648.0,3.0,60212,60259
UKK24,2435.0,64198.0,71955.0,75072.0,78718.0,3.0,183058,297207
DE24D,121.0,8628.0,10801.0,11171.0,18068.0,-1.0,38161,41056
ITH20,87.0,77944.0,84723.0,99896.0,125822.0,1.0,233986,339975
DE145,144.0,29325.0,34311.0,35401.0,46165.0,4.0,85851,88574
RO114,73.0,72763.0,79576.0,102537.0,95913.0,-3.0,157807,206105
DEA32,2477.0,37452.0,45812.0,46726.0,58470.0,1.0,134372,138840
CH012,66.0,50223.0,62745.0,67311.0,77280.0,5.0,149720,255191
FRE23,92.0,98849.0,106620.0,101384.0,112783.0,0.0,247452,296826
UKF14,4479.0,59388.0,109060.0,60812.0,52707.0,6.0,143095,138443
RO223,95.0,108889.0,105814.0,154515.0,137259.0,-2.0,240851,297762
CH013,2041.0,78674.0,93192.0,114020.0,108257.0,6.0,202747,233757
DE249,107.0,11204.0,14066.0,14580.0,24115.0,-2.0,48218,51578
UKM75,1979.0,74631.0,125411.0,121355.0,95039.0,6.0,253440,252497
DEB18,289.0,25062.0,29443.0,29435.0,43949.0,1.0,85177,107753
SE211,31.0,66241.0,67717.0,64631.0,68082.0,6.0,161101,170212
UKH11,592.0,44902.0,35668.0,45004.0,37987.0,7.0,85218,84154
DE21D,88.0,11120.0,14269.0,14618.0,20830.0,4.0,46766,47863
DEB17,261.0,28615.0,33735.0,36974.0,51916.0,2.0,101446,32704
DEE08,127.0,20991.0,20043.0,29985.0,44343.0,-3.0,93924,104251
DEF05,93.0,17115.0,21288.0,20201.0,31983.0,0.0,66353,69710
DE926,103.0,8645.0,11089.0,10618.0,16947.0,-1.0,36274,38669
DEF09,492.0,44044.0,47846.0,55372.0,77027.0,4.0,154347,153527
DE916,143.0,15123.0,21852.0,20551.0,32610.0,0.0,76652,81165
NL411,501.0,95999.0,113970.0,110601.0,143526.0,2.0,288574,285320
UKI52,3116.0,105011.0,89776.0,102824.0,88057.0,7.0,194784,178047
DEF0B,125.0,37404.0,40857.0,43474.0,68398.0,2.0,132913,135449
SE214,19.0,9217.0,9871.0,9387.0,11734.0,4.0,27798,29170
DEC01,800.0,40173.0,57893.0,57308.0,74817.0,1.0,175686,177430
UKC11,978.0,54266.0,51717.0,53791.0,61323.0,2.0,127966,131141
RO121,52.0,48136.0,50796.0,65858.0,70284.0,-3.0,114314,153401
UKM72,288.0,69763.0,75653.0,73826.0,93347.0,2.0,194614,203119
UKJ35,1965.0,78725.0,75751.0,81281.0,99015.0,3.0,202690,201194
UKM93,148.0,40986.0,43072.0,42014.0,57287.0,0.0,117037,127284
DE501,1748.0,75064.0,107166.0,110495.0,122047.0,4.0,308420,295273
DEB3G,123.0,8672.0,10671.0,11105.0,17544.0,-1.0,32394,37428
DEA2D,784.0,70837.0,119541.0,95811.0,120854.0,2.0,283294,285331
DE931,116.0,25293.0,28079.0,29808.0,41480.0,2.0,88628,89521
UKF12,573.0,45813.0,46808.0,49039.0,64318.0,2.0,131498,132052
FRG03,59.0,56729.0,47814.0,52194.0,61472.0,0.0,132735,155485
DEB36,456.0,7021.0,8308.0,8644.0,12606.0,2.0,27072,28597
UKI75,4093.0,96497.0,78054.0,116955.0,94052.0,3.0,194602,187209
DEA15,1540.0,35751.0,46630.0,46896.0,60748.0,3.0,134768,137800
FRC13,64.0,88535.0,76907.0,89256.0,113949.0,-1.0,252943,308912
UKM95,181.0,52468.0,53376.0,58339.0,73731.0,2.0,147463,152649
DEG0M,158.0,10124.0,9198.0,13841.0,21883.0,-4.0,49404,55952
DEE01,331.0,9054.0,9395.0,12654.0,18567.0,-3.0,45894,49898
DE25C,98.0,12859.0,15733.0,16302.0,22726.0,3.0,44518,44676
SE331,5.0,45515.0,54533.0,49352.0,48138.0,3.0,129104,140988
DEB1A,156.0,15771.0,18531.0,20170.0,30011.0,0.0,58100,89658
DED21,1692.0,80510.0,103495.0,119692.0,99914.0,4.0,303086,307942
FRI21,41.0,35467.0,34520.0,38340.0,49483.0,0.0,113263,153242
FR106,7009.0,373629.0,330521.0,368450.0,307921.0,5.0,633706,661868
DE71C,993.0,51227.0,56141.0,66465.0,82048.0,4.0,169846,165901
DE125,1486.0,19383.0,42896.0,36123.0,29136.0,6.0,86312,80671
UKN12,73.0,26888.0,26533.0,26101.0,31118.0,2.0,57568,65621
DE21I,131.0,14240.0,16579.0,18620.0,22899.0,5.0,43830,43795
FRJ14,15.0,11505.0,11240.0,12130.0,16096.0,0.0,34626,60341
DE928,234.0,20171.0,24157.0,24822.0,39217.0,2.0,79825,80159
DED2D,121.0,31814.0,27620.0,40176.0,59535.0,-3.0,133768,154125
UKH16,109.0,38867.0,35440.0,38427.0,53092.0,2.0,117457,133936
UKN06,2551.0,64904.0,76998.0,70748.0,64102.0,2.0,152079,159521
DE21J,168.0,18448.0,21880.0,25475.0,30551.0,6.0,57344,56491
UKD41,1096.0,32649.0,28965.0,30189.0,29018.0,2.0,60586,61114
DE232,1893.0,18808.0,35852.0,33987.0,30082.0,9.0,91177,92821
FRG02,114.0,150055.0,148458.0,145600.0,157047.0,1.0,354610,390930
DE229,80.0,9809.0,12872.0,13284.0,18856.0,2.0,37359,38838
DEB3I,505.0,21002.0,22710.0,26476.0,37988.0,3.0,71080,73531
DE27C,117.0,20199.0,24790.0,25187.0,33993.0,5.0,65941,65718
DE13A,151.0,24993.0,28565.0,29947.0,39693.0,4.0,79711,83445
NL126,188.0,29975.0,31200.0,30791.0,42652.0,1.0,82940,85775
DE277,121.0,13302.0,16600.0,16905.0,23082.0,3.0,42808,42398
DE938,74.0,18948.0,22928.0,22904.0,33530.0,2.0,68116,68118
DEB1C,89.0,7509.0,9613.0,9525.0,15200.0,-1.0,28236,62810
FRF12,216.0,133754.0,121084.0,142339.0,163345.0,1.0,328853,373349
SI042,95.0,31549.0,27433.0,43998.0,44084.0,0.0,77283,79502
RO315,57.0,43596.0,41238.0,49258.0,54493.0,-5.0,92348,114765
FRK12,25.0,19912.0,18190.0,22357.0,31092.0,-1.0,67963,100979
RO321,7561.0,263755.0,249188.0,519011.0,347164.0,-2.0,715137,865555
FRJ22,32.0,41905.0,37283.0,44104.0,58251.0,0.0,128816,179739
UKN07,149.0,46058.0,39068.0,43531.0,43260.0,5.0,85092,87189
UKN11,76.0,32712.0,28258.0,30750.0,28429.0,4.0,53268,55767
UKH37,1115.0,65461.0,61241.0,66519.0,76612.0,3.0,157156,153016
NL32A,1988.0,38688.0,37205.0,45393.0,49332.0,1.0,108415,75799
DE71E,279.0,42191.0,49729.0,54864.0,74646.0,4.0,144428,142718
DE231,844.0,5254.0,7238.0,7516.0,9595.0,2.0,22841,23334
DE242,1111.0,7889.0,18600.0,12787.0,14631.0,4.0,42365,43073
RO222,68.0,61088.0,62796.0,79558.0,90013.0,-5.0,153390,202418
DE711,1304.0,21800.0,37968.0,32419.0,31027.0,6.0,81229,79325
FRF32,30.0,30841.0,28015.0,31413.0,38531.0,-3.0,82449,99460
DE243,857.0,4812.0,7554.0,7217.0,9225.0,1.0,23096,23929
DE21A,159.0,20696.0,24316.0,27149.0,34769.0,6.0,61509,60503
DEB39,766.0,12029.0,15114.0,15201.0,18444.0,4.0,41471,43216
DE131,1511.0,31234.0,57081.0,48938.0,44197.0,5.0,116536,116470
DE11A,132.0,28532.0,34126.0,36172.0,45703.0,4.0,88341,90437
DE21B,225.0,26379.0,34884.0,37696.0,42472.0,6.0,83915,82878
DE261,1126.0,9379.0,12084.0,13817.0,15883.0,4.0,37145,37840
FRJ28,70.0,48241.0,38513.0,47282.0,53522.0,4.0,111643,129942
UKM76,544.0,26834.0,27079.0,30837.0,36863.0,2.0,73771,75382
RO313,121.0,72477.0,81860.0,109843.0,103204.0,-4.0,166874,217429
DE804,729.0,12646.0,14151.0,17766.0,19737.0,4.0,54748,58089
UKD46,682.0,65392.0,57241.0,62815.0,68026.0,3.0,147563,150559
DE911,1283.0,30267.0,48815.0,49341.0,51980.0,0.0,140935,137600
UKF25,354.0,67669.0,55748.0,67190.0,74612.0,7.0,151963,150482
CH040,885.0,231288.0,258549.0,364080.0,331901.0,6.0,680677,743896
DEA56,791.0,40812.0,50234.0,53161.0,79610.0,0.0,165781,171878
RO221,61.0,40346.0,42022.0,58026.0,63462.0,-6.0,112165,138170
UKJ46,395.0,70620.0,56437.0,68755.0,81951.0,4.0,157104,157536
UKM64,9.0,4085.0,3629.0,4335.0,6237.0,0.0,12805,14768
UKD73,1879.0,45281.0,44024.0,44704.0,60094.0,1.0,124412,127018
DE736,85.0,20707.0,24785.0,25343.0,38514.0,0.0,75762,78518
DE716,451.0,41614.0,48568.0,52957.0,72265.0,4.0,138173,135831
UKJ37,417.0,70195.0,59166.0,76625.0,80976.0,2.0,153959,155416
DEA19,1776.0,22011.0,26361.0,27691.0,38536.0,2.0,83329,82713
DE717,604.0,40659.0,46936.0,53633.0,62651.0,6.0,128386,125274
DEB3D,116.0,10136.0,11468.0,12412.0,18813.0,-1.0,34024,36814
NL323,1152.0,30477.0,35002.0,33025.0,46246.0,2.0,88632,89910
DEA51,2508.0,44243.0,69301.0,67103.0,79892.0,1.0,195861,198527
UKI61,2226.0,64564.0,51203.0,72283.0,70657.0,4.0,147229,139824
FRJ13,188.0,192932.0,218924.0,211332.0,223123.0,5.0,536271,706934
FRF23,69.0,100600.0,106979.0,103078.0,111495.0,0.0,258320,291832
NL414,532.0,117102.0,145244.0,140815.0,169095.0,3.0,352921,345910
DE93B,173.0,19781.0,21513.0,22838.0,32897.0,3.0,65279,64199
FRD11,124.0,116656.0,122845.0,119254.0,135665.0,0.0,309454,411666
RO216,71.0,71097.0,66340.0,67831.0,75766.0,-4.0,139910,176607
FRJ25,33.0,23341.0,21432.0,24948.0,36241.0,-1.0,81935,117222
DE275,171.0,19731.0,21878.0,24340.0,32830.0,4.0,60218,59624
DEA2C,521.0,86727.0,96654.0,102174.0,146229.0,3.0,276574,281367
UKJ27,423.0,73094.0,66348.0,74573.0,96354.0,4.0,211339,212423
DED41,1118.0,31315.0,37097.0,45471.0,47835.0,2.0,138999,154282
SE332,2.0,38609.0,45117.0,41323.0,48779.0,0.0,122255,133814
FRF11,235.0,188781.0,211965.0,211403.0,235347.0,2.0,489052,545894
DE248,181.0,16081.0,18978.0,20504.0,29188.0,3.0,54253,54174
UKD12,57.0,40335.0,39638.0,41553.0,60276.0,1.0,124390,136142
DE271,2016.0,38165.0,60845.0,62547.0,60003.0,7.0,157633,155061
DE224,139.0,15633.0,21071.0,21695.0,28696.0,3.0,57075,58167
DEE0E,65.0,14309.0,13451.0,19767.0,31592.0,-3.0,65507,71057
FRF24,28.0,26843.0,25866.0,28143.0,36173.0,-3.0,80014,100631
UKJ28,449.0,76007.0,62332.0,80330.0,88189.0,5.0,174469,173578
UKJ36,217.0,91719.0,84081.0,88164.0,121122.0,4.0,239747,243011
FRL04,389.0,360175.0,359079.0,378102.0,404581.0,2.0,898232,1008665
FRI31,59.0,54092.0,50674.0,57137.0,73640.0,-1.0,162447,195968
DE94G,107.0,11581.0,14495.0,13626.0,22127.0,0.0,44981,46286
DEA43,558.0,34975.0,40699.0,42794.0,60410.0,1.0,119265,121795
DE267,89.0,11353.0,13847.0,14592.0,21106.0,1.0,38696,39290
RO226,66.0,53053.0,52885.0,60956.0,65232.0,-4.0,126325,158632
DE925,229.0,35060.0,47481.0,44772.0,66195.0,1.0,142251,142301
FR103,624.0,289325.0,253838.0,280752.0,295188.0,1.0,575404,628815
UKC22,2142.0,144071.0,186390.0,161494.0,169924.0,3.0,396391,397811
SI037,54.0,23211.0,21709.0,30947.0,31110.0,1.0,54013,57247
FRF22,51.0,55676.0,52292.0,54339.0,60536.0,1.0,140499,162917
DE253,2020.0,17390.0,22626.0,27032.0,29737.0,7.0,66372,65292
NL213,422.0,101842.0,120429.0,108111.0,136530.0,1.0,277269,279448
DE803,1228.0,25017.0,38577.0,41208.0,40021.0,2.0,119825,121397
UKF16,578.0,59272.0,57886.0,64634.0,75830.0,3.0,155432,153533
SI036,78.0,11110.0,10554.0,15730.0,16851.0,4.0,29954,31813
DEB3F,165.0,14735.0,16682.0,17645.0,25654.0,1.0,48953,59711
UKD74,2116.0,57213.0,52281.0,55797.0,69692.0,1.0,148853,149142
FRF21,51.0,45556.0,41299.0,46221.0,56314.0,-4.0,119412,141882
UKD35,2275.0,97279.0,85966.0,99094.0,110551.0,3.0,233986,232677
FRD21,101.0,117445.0,94285.0,112944.0,125448.0,2.0,252879,292705
DE40I,39.0,14244.0,12992.0,18764.0,30206.0,-2.0,62707,67564
SE213,21.0,40550.0,41698.0,39932.0,46819.0,4.0,116109,124033
UKM94,93.0,16673.0,17292.0,17306.0,25446.0,1.0,53591,55823
UKH24,364.0,34277.0,28649.0,34521.0,35886.0,6.0,72922,75391
UKH36,377.0,55580.0,51424.0,59492.0,69325.0,3.0,138741,138528
DEA2A,296.0,38913.0,45273.0,45686.0,65603.0,1.0,125616,129730
ES230,62.0,45182.0,44343.0,65427.0,71172.0,-1.0,129017,201667
FRK22,59.0,53544.0,44829.0,54321.0,69815.0,2.0,145965,201082
DEB3A,484.0,4333.0,5880.0,6016.0,7568.0,0.0,17158,18372
UKC12,935.0,51533.0,54100.0,47407.0,55762.0,2.0,123934,127842
DE254,2783.0,69434.0,98245.0,108489.0,108764.0,4.0,281883,280643
DEG01,793.0,28687.0,36616.0,43173.0,43981.0,4.0,116800,117444
DEB25,135.0,20974.0,22718.0,26842.0,37036.0,3.0,67433,72698
DEB34,2188.0,25887.0,30830.0,33312.0,36753.0,5.0,83105,85992
DE94B,138.0,20055.0,23096.0,23106.0,32439.0,1.0,60889,61111
NL133,192.0,21291.0,21826.0,22181.0,29349.0,3.0,58253,59823
UKD71,1520.0,84662.0,81373.0,83751.0,97377.0,3.0,204584,149348
DE914,112.0,25611.0,27741.0,30530.0,44158.0,2.0,80175,80387
FRJ24,30.0,28156.0,23707.0,29261.0,41370.0,0.0,86996,109293
DE942,453.0,6945.0,9879.0,8811.0,11100.0,1.0,26307,26479
DEE07,72.0,22215.0,19519.0,30929.0,44162.0,-1.0,83655,90586
DE12A,198.0,22279.0,26670.0,27525.0,38061.0,4.0,73324,77037
DE227,118.0,23288.0,26663.0,29821.0,39233.0,6.0,69454,67553
DE148,175.0,41238.0,52389.0,51299.0,65886.0,4.0,129108,131006
UKK41,3307.0,45134.0,58772.0,47845.0,50549.0,1.0,117836,119809
DEB33,560.0,5823.0,10611.0,8105.0,10275.0,6.0,23491,24550
DEG0G,102.0,11432.0,9256.0,14818.0,20204.0,0.0,40675,42772
DE127,127.0,19093.0,23887.0,23998.0,35011.0,1.0,64308,67248
DEG0P,94.0,15161.0,13610.0,21122.0,29634.0,-3.0,57339,62775
DEA54,792.0,25848.0,31964.0,32477.0,39911.0,2.0,87368,86426
DE247,148.0,11018.0,13169.0,14641.0,21764.0,0.0,41922,42260
RO213,144.0,143152.0,154377.0,180347.0,140413.0,0.0,275329,327867
FR104,725.0,274043.0,252830.0,264684.0,262715.0,4.0,515998,550398
FRK26,579.0,356062.0,399413.0,372681.0,343274.0,5.0,827273,903646
DE124,313.0,31024.0,37313.0,40704.0,56191.0,3.0,108637,110617
NL325,1346.0,28329.0,30559.0,32779.0,38891.0,3.0,77382,118337
UKK25,152.0,56227.0,51812.0,54214.0,81340.0,3.0,171550,173959
DE264,250.0,23126.0,27574.0,29978.0,44081.0,1.0,81722,83146
UKG13,292.0,98530.0,100374.0,102898.0,122345.0,5.0,253541,258084
DE263,1454.0,13479.0,32994.0,24978.0,23496.0,2.0,75715,78511
SE122,42.0,53719.0,51079.0,50975.0,56189.0,6.0,134829,140221
UKM62,26.0,33034.0,33816.0,37637.0,45456.0,2.0,92267,119028
DEC02,187.0,12891.0,15835.0,17678.0,26021.0,1.0,48593,50929
UKD62,330.0,64796.0,56172.0,64396.0,87318.0,3.0,171974,177138
DE22B,84.0,14044.0,16804.0,18146.0,24928.0,3.0,43844,44107
DE276,236.0,36304.0,41186.0,45466.0,61194.0,5.0,117189,115609
DEA47,246.0,45127.0,59642.0,57739.0,68676.0,3.0,141459,143367
DEE02,1763.0,31633.0,44960.0,45043.0,45162.0,3.0,137697,144640
FRK27,69.0,73939.0,69478.0,80245.0,91375.0,2.0,195429,341340
DEA57,133.0,34768.0,43307.0,42650.0,63894.0,-1.0,123329,130246
DEA16,1876.0,22754.0,26960.0,29082.0,40054.0,3.0,88442,90772
DE91A,249.0,19117.0,20596.0,22715.0,33383.0,3.0,64246,63735
UKF13,252.0,83660.0,82231.0,88429.0,118350.0,3.0,228905,232966
DE723,233.0,23448.0,28328.0,29573.0,41944.0,1.0,81565,82373
DE132,192.0,37758.0,43650.0,45446.0,62165.0,6.0,121466,124024
DE226,115.0,17727.0,21756.0,23192.0,29062.0,6.0,54932,54496
DE141,263.0,40779.0,50067.0,51704.0,66999.0,4.0,135836,134950
DE948,118.0,28093.0,33097.0,30911.0,38484.0,5.0,68760,67978
UKE44,847.0,124411.0,117109.0,122649.0,136546.0,2.0,284135,284395
DE94D,122.0,18131.0,20677.0,21470.0,33326.0,3.0,59363,57577
UKJ43,673.0,73331.0,63085.0,73683.0,75625.0,6.0,155847,152611
UKM81,283.0,36893.0,38492.0,37177.0,50870.0,1.0,101447,92488
DEB38,1195.0,6778.0,8332.0,9049.0,12058.0,3.0,25521,25897
DEA33,1043.0,39909.0,78994.0,63450.0,62986.0,5.0,163769,167261
DE944,1373.0,20616.0,39348.0,31384.0,33212.0,5.0,88762,87274
DE927,87.0,16789.0,19553.0,19529.0,30178.0,1.0,57274,57565
FRB03,32.0,32023.0,29081.0,32962.0,45604.0,-3.0,103287,138104
DE91C,186.0,40505.0,63172.0,54804.0,73163.0,1.0,173490,175504
FRK23,79.0,95640.0,78629.0,92893.0,104478.0,4.0,227578,268819
DEA1B,253.0,42585.0,53880.0,53419.0,76281.0,3.0,143070,145393
FR108,996.0,273613.0,236582.0,259926.0,239766.0,3.0,470828,497300
DEA35,197.0,30750.0,35995.0,36739.0,55164.0,2.0,97413,97636
UKK42,2178.0,21597.0,19953.0,20586.0,29097.0,3.0,64056,66772
FRJ15,117.0,78324.0,71270.0,79095.0,96233.0,3.0,222486,346534
UKD42,4010.0,24609.0,24390.0,23332.0,30682.0,0.0,65965,70117
DE21F,116.0,13684.0,15669.0,17515.0,24401.0,4.0,49170,50795
DE235,84.0,16704.0,21441.0,22549.0,31204.0,2.0,59143,61514
DE11D,207.0,43916.0,55608.0,55575.0,72521.0,2.0,141963,146393
DE22C,110.0,12927.0,17216.0,18307.0,23340.0,4.0,43152,42296
ES640,6180.0,19930.0,17443.0,17128.0,16249.0,0.0,26426,28318
FR107,5713.0,268753.0,275790.0,294563.0,274524.0,3.0,587482,625732
SE313,15.0,47535.0,49805.0,47204.0,55902.0,3.0,137737,147150
DEA1E,530.0,39231.0,46747.0,48960.0,76945.0,1.0,141979,142957
FRF31,139.0,123918.0,143666.0,133917.0,142034.0,0.0,330944,372828
DE94C,160.0,23745.0,29009.0,28580.0,40306.0,2.0,80125,81882
DEG07,118.0,10528.0,11162.0,14059.0,19846.0,-1.0,43416,45965
FRI15,89.0,105432.0,103569.0,119375.0,142858.0,2.0,313694,399692
DEB3E,278.0,17901.0,21493.0,23460.0,31403.0,2.0,58391,60547
DEA14,1646.0,30765.0,38143.0,39519.0,53189.0,2.0,117704,120298
RO314,75.0,39257.0,44533.0,55447.0,54617.0,-4.0,91638,120218
DE40G,69.0,13220.0,10947.0,17703.0,30376.0,-4.0,57002,63273
NL224,323.0,41248.0,43786.0,41026.0,56586.0,3.0,99789,100009
UKJ13,348.0,105718.0,85480.0,103226.0,118289.0,4.0,225005,224921
DE40E,82.0,30601.0,24051.0,37653.0,57083.0,4.0,98418,100681
DE27E,102.0,20694.0,24988.0,26744.0,37458.0,3.0,77811,82757
DE11B,101.0,17540.0,21747.0,22490.0,31267.0,2.0,60888,64568
DEA46,270.0,44517.0,51470.0,51092.0,74045.0,0.0,142599,146148
UKE31,700.0,149291.0,142259.0,151442.0,175311.0,3.0,364500,365641
DEE0A,93.0,15240.0,14217.0,21365.0,33577.0,-5.0,70427,77171
DE21K,182.0,36696.0,43639.0,45821.0,63169.0,5.0,121902,121641
DE40F,36.0,8715.0,8566.0,11725.0,19595.0,-2.0,40400,44784
UKG33,3767.0,68745.0,103400.0,73806.0,59503.0,10.0,156487,141796
DEF08,145.0,23478.0,27406.0,29827.0,49329.0,1.0,104140,113879
DEA13,2779.0,78832.0,104200.0,110056.0,127564.0,2.0,311220,315032
FRL06,158.0,100366.0,88979.0,97479.0,116168.0,2.0,248041,298368
SE124,31.0,53248.0,58390.0,54080.0,56323.0,6.0,143453,150573
SI035,117.0,8173.0,7716.0,11863.0,12720.0,-2.0,23315,24007
DE138,350.0,38607.0,55410.0,49851.0,64672.0,4.0,141987,143395
DE407,54.0,11885.0,10425.0,16462.0,26238.0,-4.0,51508,56540
UKI63,4982.0,116817.0,102152.0,145549.0,117353.0,3.0,246987,236070
DE943,1622.0,21487.0,35639.0,31979.0,36256.0,4.0,91020,92257
DED2F,148.0,33795.0,26327.0,43187.0,56226.0,-1.0,125360,136222
DEB21,940.0,13119.0,27088.0,22261.0,21837.0,3.0,60675,62793
SE123,38.0,80823.0,90985.0,84636.0,86118.0,5.0,214942,228078
DE21E,149.0,17294.0,20226.0,20957.0,30090.0,4.0,55211,54818
UKC14,238.0,86325.0,99354.0,89104.0,113423.0,3.0,240247,243637
DEE03,1182.0,30524.0,42707.0,44639.0,47478.0,3.0,138429,142178
UKJ22,326.0,89453.0,82429.0,86883.0,120261.0,4.0,255888,254716
UKD61,1158.0,37623.0,35127.0,40356.0,46878.0,2.0,92377,92572
DED45,335.0,38905.0,36253.0,52329.0,73398.0,-3.0,170487,192481
DE732,161.0,31036.0,39516.0,38709.0,51652.0,3.0,106069,107185
DEA2B,648.0,38874.0,41879.0,45926.0,71346.0,2.0,137504,139434
DE715,375.0,35662.0,41824.0,46302.0,66932.0,3.0,129116,126912
DEA38,210.0,40126.0,45874.0,47283.0,67101.0,2.0,124792,126744
UKG37,3861.0,70667.0,62403.0,68594.0,63216.0,4.0,135299,132679
FRB01,41.0,47954.0,42212.0,48409.0,62644.0,-3.0,139936,177713
UKE45,1031.0,62796.0,58837.0,65624.0,74954.0,5.0,156046,156862
UKE41,1479.0,121253.0,102995.0,108743.0,100851.0,2.0,214932,216372
DE917,136.0,11856.0,13567.0,15616.0,22737.0,2.0,46702,48455
DEG03,970.0,14959.0,23919.0,23848.0,18842.0,3.0,62292,62877
DE300,4126.0,514064.0,647026.0,829388.0,764684.0,7.0,2065652,1979072
UKI72,7722.0,67263.0,67792.0,80847.0,61574.0,4.0,123089,119691
NL226,775.0,110904.0,147865.0,130739.0,162465.0,3.0,354302,335650
UKJ34,375.0,20862.0,20497.0,20617.0,30724.0,3.0,65608,70827
DE223,710.0,5733.0,8647.0,9298.0,10985.0,5.0,25055,25049
SE221,52.0,27145.0,27918.0,27144.0,30510.0,4.0,74672,79682
UKM65,22.0,3323.0,3331.0,3633.0,5110.0,3.0,10455,11359
RO423,54.0,53210.0,56357.0,74360.0,92025.0,-5.0,148903,200039
FRC21,103.0,98516.0,99526.0,100116.0,103530.0,1.0,242423,277328
CH021,175.0,148232.0,174359.0,206546.0,231870.0,3.0,471195,568114
DE216,115.0,18199.0,20986.0,22746.0,30481.0,5.0,60825,61328
PT170,953.0,450764.0,430462.0,601066.0,576744.0,1.0,1186200,1492100
FRB04,99.0,103870.0,106794.0,106850.0,119831.0,1.0,278490,318645
NL423,915.0,73356.0,108279.0,94912.0,136036.0,0.0,299875,301389
DED42,185.0,43086.0,35555.0,56659.0,75502.0,-4.0,174503,195139
UKH35,307.0,59130.0,49892.0,59613.0,66681.0,4.0,132699,132220
UKI42,14979.0,62183.0,86855.0,100932.0,43514.0,14.0,135180,122359
DE408,93.0,22186.0,19989.0,28219.0,42674.0,4.0,77835,80236
DE936,173.0,15377.0,16302.0,18299.0,28842.0,2.0,53427,52455
DEA23,2689.0,148828.0,213541.0,245578.0,231740.0,5.0,569943,565856
UKF30,130.0,123638.0,126327.0,124786.0,160522.0,4.0,340408,340531
DE214,195.0,15455.0,18296.0,19490.0,26299.0,4.0,52640,52374
DE134,230.0,60854.0,72200.0,74628.0,101544.0,4.0,196699,199734
DED43,145.0,38680.0,35539.0,51500.0,70740.0,-3.0,159046,179026
UKK30,161.0,91542.0,89389.0,89409.0,122307.0,5.0,257369,281790
DE274,625.0,6043.0,7597.0,8149.0,9714.0,5.0,22284,21943
DE929,501.0,158251.0,202174.0,218286.0,258067.0,3.0,605532,596629
RO312,56.0,46469.0,45571.0,56483.0,59382.0,-5.0,99149,128253
DEE0C,133.0,22240.0,21759.0,30663.0,47426.0,-4.0,101177,113707
FRI22,21.0,15431.0,14299.0,16847.0,24981.0,-2.0,57029,88250
UKF15,324.0,82878.0,79068.0,84075.0,105059.0,4.0,211753,212010
FRL05,179.0,167432.0,155359.0,181652.0,219652.0,4.0,489533,706882
