CODE_NUTS3,COVID_Mortality_R,POP_DENS,POP 0-14,POP 15-29,POP 30-44,POP 45-59,POP_GROWTH,HOUSEHOLDS,DWELLINGS
AT130,11.4462670601408,4636.0,280328.0,386445.0,434245.0,404062.0,8.0,918655,1037729
DK050,5.04553596205757,75.0,93508.0,114449.0,99287.0,120889.0,2.0,285795,308341
FR101,84.3893679670662,20334.0,297869.0,497195.0,465642.0,400913.0,-3.0,1123970,1373139
FR102,50.2455435150266,241.0,297247.0,264533.0,287928.0,290189.0,3.0,554540,604082
FR103,40.65484178317,624.0,289325.0,253838.0,280752.0,295188.0,1.0,575404,628815
FR104,42.103634112592,725.0,274043.0,252830.0,264684.0,262715.0,4.0,515998,550398
FR105,69.2530246911278,9165.0,302193.0,310947.0,355413.0,314958.0,1.0,712669,789097
FR106,61.5913097193136,7009.0,373629.0,330521.0,368450.0,307921.0,5.0,633706,661868
FR107,87.9774205592503,5713.0,268753.0,275790.0,294563.0,274524.0,3.0,587482,625732
FR108,58.5473989315501,996.0,273613.0,236582.0,259926.0,239766.0,3.0,470828,497300
FRF21,22.4389660124461,51.0,45556.0,41299.0,46221.0,56314.0,-4.0,119412,141882
FRF22,44.2546483532102,51.0,55676.0,52292.0,54339.0,60536.0,1.0,140499,162917
FRF23,48.2510746430037,69.0,100600.0,106979.0,103078.0,111495.0,0.0,258320,291832
FRF24,52.0110957004161,28.0,26843.0,25866.0,28143.0,36173.0,-3.0,80014,100631
FRE21,54.5093214725088,71.0,98792.0,84502.0,94062.0,106759.0,-2.0,227997,263942
FRE22,50.9407091285509,140.0,163784.0,141518.0,159132.0,170337.0,1.0,334497,368987
FRE23,40.853684195761,92.0,98849.0,106620.0,101384.0,112783.0,0.0,247452,296826
FRD21,13.9928521218926,101.0,117445.0,94285.0,112944.0,125448.0,2.0,252879,292705
FRD22,14.7997987227374,198.0,225630.0,225330.0,225196.0,245128.0,0.0,558527,633849
FRB01,28.3104961997322,41.0,47954.0,42212.0,48409.0,62644.0,-3.0,139936,177713
FRB02,107.659573482868,73.0,82263.0,65200.0,78313.0,88375.0,0.0,182984,213656
FRB03,37.732202594319,32.0,32023.0,29081.0,32962.0,45604.0,-3.0,103287,138104
FRB04,15.2614382838923,99.0,103870.0,106794.0,106850.0,119831.0,1.0,278490,318645
FRB05,19.632124195838,52.0,55201.0,47987.0,54500.0,68918.0,0.0,148850,182656
FRB06,15.2952422972277,100.0,127510.0,115612.0,123226.0,134297.0,2.0,296183,341241
FRD11,12.2731453472506,124.0,116656.0,122845.0,119254.0,135665.0,0.0,309454,411666
FRD12,10.1411650170372,82.0,79856.0,72853.0,79923.0,102049.0,-1.0,224582,294982
FRD13,15.3646605660627,46.0,45163.0,39899.0,43762.0,57325.0,-2.0,127270,164492
FRC11,47.0340444031361,61.0,86726.0,102242.0,94509.0,105022.0,1.0,246027,285069
FRC12,13.8997135666169,29.0,28470.0,26073.0,29815.0,41097.0,-5.0,98645,141465
FRC13,36.7068503705211,64.0,88535.0,76907.0,89256.0,113949.0,-1.0,252943,308912
FRC14,28.2052271708376,45.0,57561.0,47520.0,56816.0,68721.0,-1.0,150868,195645
FRE11,26.2017146710336,451.0,500741.0,511956.0,495068.0,493781.0,0.0,1093771,1203975
FRE12,2.25283806395193,219.0,278337.0,253232.0,273127.0,291055.0,0.0,608848,707568
FRF31,49.816973803096,139.0,123918.0,143666.0,133917.0,142034.0,0.0,330944,372828
FRF32,55.8229275060701,30.0,30841.0,28015.0,31413.0,38531.0,-3.0,82449,99460
FRF33,82.3425391777895,166.0,172903.0,171005.0,194446.0,220567.0,0.0,451021,510136
FRF34,73.9337752745518,61.0,57060.0,53165.0,58842.0,77047.0,-3.0,165364,212733
FRF11,60.8840146227983,235.0,188781.0,211965.0,211403.0,235347.0,2.0,489052,545894
FRF12,108.983463628244,216.0,133754.0,121084.0,142339.0,163345.0,1.0,328853,373349
FRC21,28.1348101640704,103.0,98516.0,99526.0,100116.0,103530.0,1.0,242423,277328
FRC22,23.1762242840478,51.0,43533.0,37887.0,43962.0,54525.0,0.0,117847,148203
FRC23,32.9703737641462,43.0,39775.0,32957.0,39563.0,49833.0,-2.0,103955,126517
FRC24,139.605335715931,235.0,25588.0,25311.0,26245.0,28368.0,0.0,64760,71864
FRG01,11.8884943152017,205.0,269023.0,263830.0,279098.0,275989.0,6.0,627009,729056
FRG02,1.71418846032817,114.0,150055.0,148458.0,145600.0,157047.0,1.0,354610,390930
FRG03,15.7203352361489,59.0,56729.0,47814.0,52194.0,61472.0,0.0,132735,155485
FRG04,15.6561343580985,90.0,101435.0,90828.0,95375.0,112132.0,-1.0,247856,289186
FRG05,6.31959824991219,100.0,117254.0,96385.0,117850.0,135745.0,3.0,296187,416816
FRH01,6.69731805898328,86.0,98266.0,82806.0,94807.0,120726.0,0.0,273647,363460
FRH02,4.85445462408869,134.0,147371.0,146391.0,154279.0,186093.0,0.0,422128,537186
FRH03,8.24740739505174,158.0,199761.0,211358.0,205536.0,209535.0,4.0,472950,537773
FRH04,12.7564579568407,109.0,124071.0,108555.0,124915.0,155684.0,2.0,343433,459041
FRI31,3.7081619496945,59.0,54092.0,50674.0,57137.0,73640.0,-1.0,162447,195968
FRI32,7.88108524089078,93.0,95966.0,90914.0,102839.0,130296.0,2.0,304556,427310
FRI33,5.86035311291302,62.0,65613.0,54197.0,64583.0,78381.0,1.0,166720,192446
FRI34,9.13183632096578,62.0,72037.0,80895.0,74221.0,84955.0,1.0,202198,237778
FRI11,3.41569217782094,44.0,57730.0,51438.0,61649.0,87115.0,-1.0,192209,256710
FRI12,10.1518657591104,160.0,275364.0,308154.0,314651.0,322356.0,6.0,735252,842290
FRI13,0.243834046547919,44.0,63912.0,54518.0,70853.0,87399.0,2.0,184668,252070
FRI14,3.63078542965807,61.0,53066.0,46469.0,53801.0,67119.0,0.0,151192,184028
FRI15,3.96722776001505,89.0,105432.0,103569.0,119375.0,142858.0,2.0,313694,399692
FRJ21,1.31122606192921,31.0,23487.0,20788.0,24780.0,32188.0,0.0,71043,108491
FRJ22,8.62468600752504,32.0,41905.0,37283.0,44104.0,58251.0,0.0,128816,179739
FRJ23,5.95119873633824,219.0,244288.0,295137.0,286232.0,268816.0,6.0,637625,703119
FRJ24,12.1348978558163,30.0,28156.0,23707.0,29261.0,41370.0,0.0,86996,109293
FRJ25,12.7944169816807,33.0,23341.0,21432.0,24948.0,36241.0,-1.0,81935,117222
FRJ26,11.9781731067832,50.0,32034.0,31319.0,34696.0,47707.0,-1.0,106492,160664
FRJ27,5.92443003119341,67.0,63069.0,56045.0,63987.0,80560.0,1.0,174944,209191
FRJ28,2.67003345170482,70.0,48241.0,38513.0,47282.0,53522.0,4.0,111643,129942
FRI21,15.3342450992582,41.0,35467.0,34520.0,38340.0,49483.0,0.0,113263,153242
FRI22,12.7758519363933,21.0,15431.0,14299.0,16847.0,24981.0,-2.0,57029,88250
FRI23,6.72162265348153,67.0,57269.0,60642.0,61498.0,74789.0,-1.0,179767,218972
FRK21,16.0202373741458,113.0,128604.0,105598.0,127627.0,137623.0,5.0,271426,308213
FRK22,35.4133593845402,59.0,53544.0,44829.0,54321.0,69815.0,2.0,145965,201082
FRK23,24.6808838841541,79.0,95640.0,78629.0,92893.0,104478.0,4.0,227578,268819
FRK24,12.1009743261616,161.0,238127.0,228014.0,236436.0,254823.0,2.0,542447,639166
FRK25,32.4874798754472,159.0,137851.0,128440.0,131184.0,148152.0,1.0,338236,393846
FRK26,35.4975538476699,579.0,356062.0,399413.0,372681.0,343274.0,5.0,827273,903646
FRK27,17.3011977042464,69.0,73939.0,69478.0,80245.0,91375.0,2.0,195429,341340
FRK28,20.5606442816159,181.0,159515.0,136737.0,179164.0,171532.0,6.0,360963,500246
FRK11,12.3039987996099,45.0,49796.0,46582.0,51358.0,69205.0,-2.0,160620,206793
FRK12,6.26195860149591,25.0,19912.0,18190.0,22357.0,31092.0,-1.0,67963,100979
FRK13,7.92438376910107,45.0,37400.0,32386.0,37759.0,48619.0,1.0,101054,141983
FRK14,6.83985171201488,82.0,106551.0,116155.0,116704.0,131782.0,2.0,306384,382350
FRJ11,16.0100727779918,58.0,58818.0,50195.0,60189.0,75740.0,1.0,169218,258220
FRJ12,13.1191608020894,127.0,126942.0,115352.0,126798.0,154369.0,2.0,331366,418651
FRJ13,10.609698290983,188.0,192932.0,218924.0,211332.0,223123.0,5.0,536271,706934
FRJ14,1.31966163875582,15.0,11505.0,11240.0,12130.0,16096.0,0.0,34626,60341
FRJ15,7.45792487383677,117.0,78324.0,71270.0,79095.0,96233.0,3.0,222486,346534
FRL01,8.01583435586605,23.0,25294.0,21608.0,25817.0,34358.0,1.0,76041,126646
FRL02,14.0820278120049,25.0,22988.0,19974.0,24497.0,29740.0,2.0,65779,134526
FRL03,17.8317349446569,252.0,170550.0,166538.0,193758.0,217892.0,0.0,509159,761170
FRL04,28.540338237335,389.0,360175.0,359079.0,378102.0,404581.0,2.0,898232,1008665
FRL05,13.3559023349642,179.0,167432.0,155359.0,181652.0,219652.0,4.0,489533,706882
FRL06,7.25902686548138,158.0,100366.0,88979.0,97479.0,116168.0,2.0,248041,298368
FRM01,30.1401517054302,40.0,23936.0,22461.0,30215.0,34543.0,5.0,68694,116327
FRM02,6.08262415465348,38.0,27188.0,28850.0,33417.0,37344.0,5.0,80276,129305
DE111,10.200894853884,3076.0,83654.0,129984.0,149217.0,127664.0,5.0,333253,316697
DE112,12.2351597707947,636.0,58281.0,66305.0,76193.0,89302.0,6.0,183283,183998
DE113,22.4082940565735,836.0,74817.0,93298.0,101330.0,123882.0,5.0,254914,256974
DE114,15.1536934213543,401.0,35723.0,43375.0,45829.0,60164.0,3.0,119444,121804
DE115,13.1768460852871,796.0,80249.0,92620.0,106782.0,125411.0,5.0,258156,258328
DE116,22.7359025684538,498.0,60091.0,71387.0,76654.0,101607.0,4.0,200913,202699
DE117,13.4925989126553,1263.0,18397.0,24053.0,25498.0,26217.0,7.0,62732,60600
DE118,12.2428991185113,312.0,49198.0,58937.0,64787.0,82051.0,5.0,155549,157103
DE119,41.9680328600768,144.0,16006.0,19847.0,20295.0,26661.0,4.0,50188,51951
DE11A,30.2103974971454,132.0,28532.0,34126.0,36172.0,45703.0,4.0,88341,90437
DE11B,8.33043030459082,101.0,17540.0,21747.0,22490.0,31267.0,2.0,60888,64568
DE11C,30.9219259080488,212.0,18603.0,22426.0,23464.0,30388.0,4.0,61443,63099
DE11D,13.7569184502671,207.0,43916.0,55608.0,55575.0,72521.0,2.0,141963,146393
DE121,34.7330128146537,391.0,6412.0,8218.0,9243.0,12725.0,3.0,28973,29992
DE122,4.45459809979572,1813.0,37870.0,72213.0,65265.0,63992.0,5.0,168854,159146
DE123,18.4444159530702,410.0,61108.0,72194.0,80415.0,107369.0,4.0,205938,206660
DE124,7.35660038513967,313.0,31024.0,37313.0,40704.0,56191.0,3.0,108637,110617
DE125,4.3338554597292,1486.0,19383.0,42896.0,36123.0,29136.0,6.0,86312,80671
DE126,4.20411291600506,2135.0,40020.0,65253.0,64561.0,64701.0,4.0,163997,167483
DE127,16.074810771521,127.0,19093.0,23887.0,23998.0,35011.0,1.0,64308,67248
DE128,7.1016260902817,518.0,76819.0,88467.0,98514.0,131496.0,3.0,262037,266663
DE129,6.38773554774832,1279.0,18379.0,24073.0,23863.0,26152.0,6.0,63454,62076
DE12A,17.0829853465948,198.0,22279.0,26670.0,27525.0,38061.0,4.0,73324,77037
DE12B,11.0489468344767,348.0,27869.0,32712.0,34457.0,48780.0,3.0,90745,92567
DE12C,33.2305175440091,135.0,16562.0,20203.0,20227.0,28202.0,2.0,54471,57092
DE131,34.6216930873462,1511.0,31234.0,57081.0,48938.0,44197.0,5.0,116536,116470
DE132,26.8823311145945,192.0,37758.0,43650.0,45446.0,62165.0,6.0,121466,124024
DE133,25.946441717051,244.0,23740.0,26961.0,29083.0,40138.0,5.0,76056,76910
DE134,29.0105303546069,230.0,60854.0,72200.0,74628.0,101544.0,4.0,196699,199734
DE135,18.7306390029537,181.0,19985.0,23596.0,23718.0,32996.0,3.0,64050,66882
DE136,15.5973796402204,206.0,28906.0,36666.0,36995.0,47774.0,3.0,102036,105479
DE137,17.1166930549018,191.0,21489.0,24846.0,26002.0,31492.0,5.0,63384,64989
DE138,5.9506515963498,350.0,38607.0,55410.0,49851.0,64672.0,4.0,141987,143395
DE139,27.0409364886908,284.0,33199.0,38010.0,41444.0,55320.0,3.0,108891,111221
DE13A,20.4759787517843,151.0,24993.0,28565.0,29947.0,39693.0,4.0,79711,83445
DE141,28.5920507125348,263.0,40779.0,50067.0,51704.0,66999.0,4.0,135836,134950
DE142,26.4219407796234,438.0,31881.0,51537.0,42282.0,48801.0,5.0,106570,103622
DE143,41.3685567147002,206.0,25072.0,31629.0,31997.0,45307.0,2.0,88059,90288
DE144,6.32906385234294,1066.0,17280.0,27578.0,26417.0,24951.0,6.0,64300,62962
DE145,13.2920937603844,144.0,29325.0,34311.0,35401.0,46165.0,4.0,85851,88574
DE146,18.030742415819,142.0,30638.0,35382.0,37204.0,46480.0,6.0,88198,91891
DE147,3.70723931156566,325.0,29593.0,35537.0,37851.0,49963.0,4.0,104497,108982
DE148,2.4570887009021,175.0,41238.0,52389.0,51299.0,65886.0,4.0,129108,131006
DE149,27.6597542891827,108.0,18376.0,23292.0,22096.0,31294.0,2.0,58019,60502
DE211,27.8121363380199,1026.0,19091.0,25760.0,30219.0,28429.0,6.0,69229,69274
DE212,15.1276180785212,4746.0,200256.0,283757.0,357407.0,298410.0,5.0,806064,809283
DE213,36.1891275273385,1710.0,8688.0,12156.0,13005.0,13413.0,5.0,33072,32879
DE214,49.4760041379931,195.0,15455.0,18296.0,19490.0,26299.0,4.0,52640,52374
DE215,23.6587835599845,126.0,13468.0,17868.0,19058.0,23699.0,3.0,53022,53475
DE216,7.83392087739914,115.0,18199.0,20986.0,22746.0,30481.0,5.0,60825,61328
DE217,21.9790165036556,267.0,22727.0,26237.0,31269.0,36825.0,7.0,70711,69245
DE218,3.5083041559371,260.0,22147.0,23299.0,27690.0,34532.0,7.0,64118,62344
DE219,15.0388377986149,110.0,20487.0,24087.0,26081.0,30823.0,6.0,58164,58570
DE21A,7.94252500090256,159.0,20696.0,24316.0,27149.0,34769.0,6.0,61509,60503
DE21B,25.5699031123019,225.0,26379.0,34884.0,37696.0,42472.0,6.0,83915,82878
DE21C,16.3493678244441,507.0,32416.0,35129.0,41318.0,50909.0,6.0,104707,102851
DE21D,20.2983862782909,88.0,11120.0,14269.0,14618.0,20830.0,4.0,46766,47863
DE21E,8.33180583559681,149.0,17294.0,20226.0,20957.0,30090.0,4.0,55211,54818
DE21F,10.9997800043999,116.0,13684.0,15669.0,17515.0,24401.0,4.0,49170,50795
DE21G,23.3683281259466,144.0,16220.0,20210.0,20988.0,27603.0,6.0,51506,50667
DE21H,27.3928824160522,528.0,53924.0,56991.0,67617.0,80612.0,6.0,165634,163913
DE21I,18.5469495419934,131.0,14240.0,16579.0,18620.0,22899.0,5.0,43830,43795
DE21J,16.4561326521017,168.0,18448.0,21880.0,25475.0,30551.0,6.0,57344,56491
DE21K,76.064521061081,182.0,36696.0,43639.0,45821.0,63169.0,5.0,121902,121641
DE21L,9.50028500855026,281.0,20309.0,20788.0,22781.0,33121.0,5.0,65820,66203
DE21M,49.5528977183143,116.0,23698.0,29608.0,30655.0,41660.0,4.0,85578,87204
DE21N,2.21809820260109,140.0,19132.0,22176.0,23262.0,32384.0,4.0,64064,64174
DE221,12.4702100537605,1096.0,9366.0,13431.0,14711.0,15587.0,9.0,38229,38163
DE222,34.5661942620118,748.0,5537.0,12754.0,9431.0,10127.0,5.0,30180,31585
DE223,100.204584359734,710.0,5733.0,8647.0,9298.0,10985.0,5.0,25055,25049
DE224,12.5698675135964,139.0,15633.0,21071.0,21695.0,28696.0,3.0,57075,58167
DE225,15.2568878491602,80.0,9638.0,13176.0,13205.0,19690.0,1.0,36437,37810
DE226,28.6331359010439,115.0,17727.0,21756.0,23192.0,29062.0,6.0,54932,54496
DE227,19.5064245353066,118.0,23288.0,26663.0,29821.0,39233.0,6.0,69454,67553
DE228,16.1751507941477,125.0,24778.0,31262.0,33384.0,46607.0,3.0,89513,90536
DE229,15.4342821129532,80.0,9809.0,12872.0,13284.0,18856.0,2.0,37359,38838
DE22A,41.2939884211656,95.0,16098.0,20781.0,21187.0,28912.0,3.0,54232,54467
DE22B,28.8511281785984,84.0,14044.0,16804.0,18146.0,24928.0,3.0,43844,44107
DE22C,10.345327015787,110.0,12927.0,17216.0,18307.0,23340.0,4.0,43152,42296
DE231,9.45112586536871,844.0,5254.0,7238.0,7516.0,9595.0,2.0,22841,23334
DE232,6.54403151605578,1893.0,18808.0,35852.0,33987.0,30082.0,9.0,91177,92821
DE233,46.9682025268893,604.0,5162.0,7581.0,7485.0,9746.0,2.0,23859,24304
DE234,52.4531564172551,82.0,13050.0,17254.0,17304.0,26146.0,0.0,48279,49634
DE235,16.3993315320099,84.0,16704.0,21441.0,22549.0,31204.0,2.0,59143,61514
DE236,12.7152238627354,100.0,18554.0,23627.0,24264.0,32938.0,5.0,59256,59223
DE237,77.2543997968104,66.0,12102.0,15809.0,16378.0,23671.0,-1.0,43567,46497
DE238,8.25061235013536,139.0,27612.0,31614.0,36076.0,48064.0,4.0,88007,87900
DE239,13.5664041567462,101.0,19342.0,25003.0,26796.0,35920.0,3.0,68975,69134
DE23A,192.646411272567,67.0,9024.0,11829.0,11998.0,18073.0,-1.0,34746,36708
DE241,28.2889068909205,1425.0,9598.0,17622.0,15602.0,15801.0,9.0,43876,43535
DE242,14.819205690575,1111.0,7889.0,18600.0,12787.0,14631.0,4.0,42365,43073
DE243,9.69438452776229,857.0,4812.0,7554.0,7217.0,9225.0,1.0,23096,23929
DE244,10.8509299246945,795.0,5956.0,8129.0,7772.0,10167.0,3.0,26113,27321
DE245,25.0864465387484,126.0,20555.0,24385.0,27040.0,37406.0,2.0,67264,66827
DE246,26.9285144115639,82.0,13509.0,15766.0,17616.0,26430.0,-1.0,49505,50915
DE247,34.4510794671566,148.0,11018.0,13169.0,14641.0,21764.0,0.0,41922,42260
DE248,3.43698713707564,181.0,16081.0,18978.0,20504.0,29188.0,3.0,54253,54174
DE249,33.4843617566733,107.0,11204.0,14066.0,14580.0,24115.0,-2.0,48218,51578
DE24A,4.45904368376462,103.0,7645.0,9933.0,10906.0,17530.0,-2.0,32764,33465
DE24B,15.2937087243657,109.0,8442.0,10871.0,11732.0,18293.0,-1.0,35883,37138
DE24C,25.4114411276701,129.0,8459.0,10564.0,11318.0,16744.0,0.0,32203,32445
DE24D,55.9131573205324,121.0,8628.0,10801.0,11171.0,18068.0,-1.0,38161,41056
DE251,19.1076717301997,420.0,5672.0,7638.0,7564.0,9397.0,5.0,21864,22074
DE252,9.84525056162679,1453.0,14924.0,25717.0,22886.0,22503.0,6.0,62577,64517
DE253,29.72581843783,2020.0,17390.0,22626.0,27032.0,29737.0,7.0,66372,65292
DE254,10.2148589578531,2783.0,69434.0,98245.0,108489.0,108764.0,4.0,281883,280643
DE255,4.86795667518559,1007.0,5752.0,6588.0,7360.0,9871.0,4.0,20387,20345
DE256,15.1895712743508,94.0,25860.0,31693.0,32672.0,44562.0,3.0,83542,83981
DE257,8.07463902693259,242.0,19829.0,21008.0,24962.0,33044.0,3.0,63014,63609
DE258,49.4665290701145,382.0,15875.0,16991.0,20683.0,28855.0,2.0,57424,57838
DE259,25.735208104251,214.0,22988.0,26044.0,29972.0,42151.0,4.0,83309,84041
DE25A,5.99412575675838,79.0,13604.0,16553.0,17491.0,24497.0,3.0,45683,45895
DE25B,5.52067888576927,142.0,17267.0,20725.0,22114.0,31639.0,3.0,58374,57907
DE25C,26.3874522387114,98.0,12859.0,15733.0,16302.0,22726.0,3.0,44518,44676
DE261,1.42352807197358,1126.0,9379.0,12084.0,13817.0,15883.0,4.0,37145,37840
DE262,33.6159563739588,1502.0,7185.0,9640.0,9549.0,10913.0,3.0,28839,28872
DE263,40.8483896307934,1454.0,13479.0,32994.0,24978.0,23496.0,2.0,75715,78511
DE264,24.0705611306286,250.0,23126.0,27574.0,29978.0,44081.0,1.0,81722,83146
DE265,17.3987008969997,91.0,12960.0,15819.0,16657.0,25116.0,1.0,50638,52349
DE266,10.01527329177,78.0,10722.0,12858.0,13174.0,19628.0,0.0,36966,39146
DE267,7.08123355088456,89.0,11353.0,13847.0,14592.0,21106.0,1.0,38696,39290
DE268,4.40068210572639,133.0,12184.0,15338.0,16223.0,22134.0,3.0,42366,42350
DE269,3.88331417565007,180.0,17277.0,21090.0,22152.0,31922.0,1.0,59936,61657
DE26A,4.73514742092304,96.0,15941.0,19923.0,20874.0,31703.0,0.0,60611,62236
DE26B,21.6014447046218,138.0,15351.0,18858.0,19764.0,28283.0,2.0,53681,54831
DE26C,4.31770939348519,168.0,22147.0,25957.0,28973.0,38997.0,2.0,77054,78500
DE271,5.40843851619489,2016.0,38165.0,60845.0,62547.0,60003.0,7.0,157633,155061
DE272,11.4108357296088,1093.0,5933.0,7346.0,7843.0,9744.0,5.0,22735,22457
DE273,14.5249611457289,1089.0,8893.0,13389.0,12945.0,14076.0,6.0,36109,35414
DE274,0.0,625.0,6043.0,7597.0,8149.0,9714.0,5.0,22284,21943
DE275,14.9565139357319,171.0,19731.0,21878.0,24340.0,32830.0,4.0,60218,59624
DE276,4.35973350138124,236.0,36304.0,41186.0,45466.0,61194.0,5.0,117189,115609
DE277,30.3363146608086,121.0,13302.0,16600.0,16905.0,23082.0,3.0,42808,42398
DE278,3.19119230922653,164.0,17546.0,22087.0,22798.0,30187.0,4.0,57037,56758
DE279,14.9666990945147,337.0,24452.0,30276.0,32958.0,39682.0,4.0,83157,83296
DE27A,9.83320427252726,252.0,10866.0,13152.0,14103.0,19641.0,3.0,40525,41914
DE27B,27.7884656491813,101.0,20182.0,23555.0,24574.0,33153.0,4.0,65922,66915
DE27C,9.73405179906136,117.0,20199.0,24790.0,25187.0,33993.0,5.0,65941,65718
DE27D,17.1704578539914,105.0,18871.0,23201.0,24871.0,31648.0,3.0,60212,60259
DE27E,4.50013178957384,102.0,20694.0,24988.0,26744.0,37458.0,3.0,77811,82757
DE300,6.16846571151887,4126.0,514064.0,647026.0,829388.0,764684.0,7.0,2065652,1979072
DE401,1.39697972982412,314.0,8529.0,9229.0,12942.0,15869.0,1.0,40801,43339
DE402,0.0,612.0,12310.0,15506.0,18237.0,22110.0,1.0,56386,57699
DE403,0.0,392.0,6998.0,8525.0,9980.0,12915.0,0.0,32508,33396
DE404,28.7107197946339,947.0,26973.0,29426.0,40318.0,36005.0,10.0,97647,94917
DE405,16.0408876695356,122.0,24430.0,20313.0,32785.0,46283.0,4.0,89183,91612
DE406,4.78271526702497,74.0,22129.0,19395.0,30312.0,42381.0,4.0,82001,84579
DE407,2.93063194193441,54.0,11885.0,10425.0,16462.0,26238.0,-4.0,51508,56540
DE408,3.73229492594505,93.0,22186.0,19989.0,28219.0,42674.0,4.0,77835,80236
DE409,2.0771343854019,89.0,25310.0,20071.0,34653.0,50764.0,3.0,95239,98534
DE40A,4.29000429000429,116.0,28794.0,24979.0,37453.0,55158.0,3.0,102340,103704
DE40B,1.81778521049953,90.0,12816.0,11570.0,18141.0,27202.0,-3.0,58268,63383
DE40C,1.69329848901332,79.0,22270.0,19008.0,30134.0,44450.0,0.0,88869,94636
DE40D,0.0,39.0,12147.0,11146.0,16854.0,25091.0,0.0,50559,54082
DE40E,17.8190429298258,82.0,30601.0,24051.0,37653.0,57083.0,4.0,98418,100681
DE40F,0.0,36.0,8715.0,8566.0,11725.0,19595.0,-2.0,40400,44784
DE40G,0.0,69.0,13220.0,10947.0,17703.0,30376.0,-4.0,57002,63273
DE40H,7.7895619869375,79.0,22625.0,20800.0,31165.0,42677.0,4.0,82623,85442
DE40I,1.67790865465284,39.0,14244.0,12992.0,18764.0,30206.0,-2.0,62707,67564
DE501,9.33170879434322,1748.0,75064.0,107166.0,110495.0,122047.0,4.0,308420,295273
DE502,5.29497418700084,1505.0,16522.0,20190.0,19902.0,24406.0,4.0,62067,64077
DE600,14.440019296625,2498.0,261011.0,344130.0,417818.0,391391.0,6.0,1013795,963622
DE711,11.3131414708341,1304.0,21800.0,37968.0,32419.0,31027.0,6.0,81229,79325
DE712,9.15917450616784,3037.0,109690.0,141245.0,189233.0,157059.0,7.0,397262,395865
DE713,7.06735979143436,2843.0,20003.0,24371.0,28059.0,26670.0,7.0,64619,61820
DE714,7.84310929372801,1375.0,42016.0,48543.0,56182.0,61586.0,2.0,144989,143217
DE715,1.11319319467894,375.0,35662.0,41824.0,46302.0,66932.0,3.0,129116,126912
DE716,7.07489960380562,451.0,41614.0,48568.0,52957.0,72265.0,4.0,138173,135831
DE717,5.49104593442959,604.0,40659.0,46936.0,53633.0,62651.0,6.0,128386,125274
DE718,2.52926571200938,493.0,35498.0,33932.0,41237.0,58136.0,4.0,114380,112945
DE719,12.3834290667657,301.0,57803.0,68152.0,75632.0,100129.0,4.0,200655,198376
DE71A,6.7150429552904,1073.0,35857.0,35411.0,44960.0,57170.0,4.0,114975,113194
DE71B,65.1546647637368,155.0,12378.0,15203.0,15860.0,23288.0,1.0,45873,46598
DE71C,12.4547101449275,993.0,51227.0,56141.0,66465.0,82048.0,4.0,169846,165901
DE71D,4.27161034370445,231.0,25017.0,28477.0,31350.0,46867.0,3.0,91993,91238
DE71E,4.24423274066432,279.0,42191.0,49729.0,54864.0,74646.0,4.0,144428,142718
DE721,1.49097957357984,314.0,34837.0,58752.0,48162.0,57685.0,6.0,132749,131669
DE722,7.86559275106972,239.0,34470.0,42149.0,43571.0,60769.0,1.0,122180,120438
DE723,4.07045373929325,233.0,23448.0,28328.0,29573.0,41944.0,1.0,81565,82373
DE724,1.62227710926442,196.0,32468.0,52706.0,43283.0,54437.0,2.0,117802,117980
DE725,5.65866908103214,73.0,12987.0,15962.0,16978.0,26193.0,0.0,50235,51572
DE731,4.45849144465031,1894.0,26687.0,43107.0,38462.0,41568.0,4.0,110018,106857
DE732,6.30034651905855,161.0,31036.0,39516.0,38709.0,51652.0,3.0,106069,107185
DE733,19.0257178072447,110.0,15962.0,18640.0,19703.0,28823.0,1.0,57401,59223
DE734,13.1114259733119,183.0,30081.0,34697.0,38039.0,57827.0,1.0,115298,115798
DE735,21.5913368912904,118.0,23239.0,27959.0,30176.0,44364.0,1.0,85841,87533
DE736,3.18558586109571,85.0,20707.0,24785.0,25343.0,38514.0,0.0,75762,78518
DE737,15.8608999078085,99.0,12122.0,15623.0,15303.0,24377.0,1.0,50333,52032
DE803,0.966417008939357,1228.0,25017.0,38577.0,41208.0,40021.0,2.0,119825,121397
DE804,0.0,729.0,12646.0,14151.0,17766.0,19737.0,4.0,54748,58089
DE80J,1.15478330491283,47.0,32647.0,29946.0,44216.0,64531.0,-1.0,135718,148194
DE80K,1.40251143046816,62.0,29235.0,22861.0,38062.0,55284.0,2.0,104012,111252
DE80L,0.89280134277322,71.0,27530.0,25706.0,38768.0,55366.0,0.0,117588,130781
DE80M,0.641268171936822,74.0,20615.0,19517.0,28815.0,38344.0,0.0,77507,83376
DE80N,2.96874337334068,62.0,29115.0,31775.0,40977.0,55853.0,-1.0,123078,137458
DE80O,0.948073987694,44.0,27091.0,24183.0,37202.0,54831.0,0.0,102708,109189
DE911,7.29438939882074,1283.0,30267.0,48815.0,49341.0,51980.0,0.0,140935,137600
DE912,9.51837045497811,469.0,15363.0,17992.0,17705.0,23027.0,7.0,55449,56024
DE913,42.9014319364735,605.0,16952.0,20393.0,24240.0,26500.0,1.0,65368,65709
DE914,2.28473511352278,112.0,25611.0,27741.0,30530.0,44158.0,2.0,80175,80387
DE91C,24.1738805810299,186.0,40505.0,63172.0,54804.0,73163.0,1.0,173490,175504
DE916,19.6081279321414,143.0,15123.0,21852.0,20551.0,32610.0,0.0,76652,81165
DE917,2.17708401367209,136.0,11856.0,13567.0,15616.0,22737.0,2.0,46702,48455
DE918,3.75586854460094,105.0,16362.0,19776.0,20225.0,32966.0,-1.0,67692,69823
DE91A,8.99287314803019,249.0,19117.0,20596.0,22715.0,33383.0,3.0,64246,63735
DE91B,11.6267481646348,166.0,15282.0,18799.0,19148.0,30271.0,0.0,60725,61467
DE922,12.5021994610163,109.0,29261.0,34029.0,35232.0,54300.0,3.0,101940,100662
DE923,4.71834830847213,186.0,19018.0,22210.0,22972.0,35770.0,0.0,78641,80599
DE925,3.25533784981318,229.0,35060.0,47481.0,44772.0,66195.0,1.0,142251,142301
DE926,9.82263134261338,103.0,8645.0,11089.0,10618.0,16947.0,-1.0,36274,38669
DE927,3.29147672103089,87.0,16789.0,19553.0,19529.0,30178.0,1.0,57274,57565
DE928,4.43082843832287,234.0,20171.0,24157.0,24822.0,39217.0,2.0,79825,80159
DE929,10.5184006815228,501.0,158251.0,202174.0,218286.0,258067.0,3.0,605532,596629
DE931,8.38907406993132,116.0,25293.0,28079.0,29808.0,41480.0,2.0,88628,89521
DE932,10.609007552603,96.0,26080.0,29024.0,30779.0,47836.0,1.0,98632,103953
DE933,5.17907653081551,201.0,35603.0,36880.0,43049.0,63297.0,3.0,121746,120634
DE934,6.22652082771217,39.0,5869.0,6549.0,7033.0,11605.0,-1.0,24373,26471
DE935,0.0,138.0,26067.0,32334.0,32991.0,43676.0,3.0,90019,89994
DE936,0.0,173.0,15377.0,16302.0,18299.0,28842.0,2.0,53427,52455
DE937,1.22531000343087,79.0,22509.0,27656.0,27457.0,40237.0,1.0,76362,76272
DE938,1.43950135673003,74.0,18948.0,22928.0,22904.0,33530.0,2.0,68116,68118
DE939,4.46390929336316,167.0,29015.0,33323.0,35427.0,47701.0,3.0,97444,98546
DE93A,0.0,64.0,11487.0,14084.0,14286.0,22816.0,0.0,47591,48468
DE93B,5.85484378544925,173.0,19781.0,21513.0,22838.0,32897.0,3.0,65279,64199
DE941,5.15370938232793,1244.0,11070.0,13452.0,13393.0,17560.0,5.0,39546,38861
DE942,0.0,453.0,6945.0,9879.0,8811.0,11100.0,1.0,26307,26479
DE943,1.19973126019772,1622.0,21487.0,35639.0,31979.0,36256.0,4.0,91020,92257
DE944,10.9682530010359,1373.0,20616.0,39348.0,31384.0,33212.0,5.0,88762,87274
DE945,1.31016953593795,721.0,9054.0,14393.0,11290.0,16540.0,1.0,43962,45708
DE946,4.05900164795467,169.0,17345.0,19265.0,20281.0,29815.0,4.0,59214,58930
DE947,4.21849705496174,146.0,25456.0,31548.0,30453.0,45903.0,1.0,92742,97834
DE948,0.0,118.0,28093.0,33097.0,30911.0,38484.0,5.0,68760,67978
DE949,7.73139285681151,112.0,48026.0,58323.0,59114.0,75703.0,3.0,140621,139758
DE94A,2.03053931124107,158.0,12637.0,14756.0,14586.0,24000.0,1.0,50409,52289
DE94B,13.2818783527519,138.0,20055.0,23096.0,23106.0,32439.0,1.0,60889,61111
DE94C,3.55504994845178,160.0,23745.0,29009.0,28580.0,40306.0,2.0,80125,81882
DE94D,10.7983864125446,122.0,18131.0,20677.0,21470.0,33326.0,3.0,59363,57577
DE94E,18.858630638238,168.0,51946.0,59597.0,60595.0,86191.0,1.0,161549,159247
DE94F,9.26011667747014,173.0,22758.0,28217.0,26405.0,32265.0,5.0,59058,58345
DE94G,5.61854569563214,107.0,11581.0,14495.0,13626.0,22127.0,0.0,44981,46286
DE94H,0.0,86.0,7467.0,9051.0,8647.0,13590.0,0.0,27808,31027
DEA11,7.5828099312223,2855.0,84624.0,108299.0,137373.0,134868.0,4.0,345371,346207
DEA12,14.0855556651099,2138.0,70242.0,90574.0,91660.0,111239.0,2.0,245030,257054
DEA13,7.87950523558864,2779.0,78832.0,104200.0,110056.0,127564.0,2.0,311220,315032
DEA14,11.4810055594562,1646.0,30765.0,38143.0,39519.0,53189.0,2.0,117704,120298
DEA15,19.0677400533134,1540.0,35751.0,46630.0,46896.0,60748.0,3.0,134768,137800
DEA16,8.18909797085851,1876.0,22754.0,26960.0,29082.0,40054.0,3.0,88442,90772
DEA17,6.16388343622277,2740.0,27742.0,35040.0,38119.0,49201.0,1.0,109229,110278
DEA18,16.3462498978359,1479.0,15215.0,17932.0,18750.0,26399.0,1.0,56153,59013
DEA19,8.18490326073954,1776.0,22011.0,26361.0,27691.0,38536.0,2.0,83329,82713
DEA1A,24.2973544136427,2105.0,50324.0,63705.0,64008.0,79976.0,3.0,186033,192994
DEA1B,11.8812898585163,253.0,42585.0,53880.0,53419.0,76281.0,3.0,143070,145393
DEA1C,17.1221926308558,1192.0,66303.0,71483.0,80765.0,117840.0,2.0,241256,245718
DEA1D,5.33180488260032,782.0,63920.0,67521.0,79969.0,109598.0,2.0,214307,217275
DEA1E,12.4080712826928,530.0,39231.0,46747.0,48960.0,76945.0,1.0,141979,142957
DEA1F,6.31654149749952,441.0,59097.0,70384.0,75489.0,113939.0,0.0,218885,221155
DEA22,2.75028343198702,2323.0,47874.0,68102.0,66290.0,68334.0,5.0,171094,173795
DEA23,10.5735847946334,2689.0,148828.0,213541.0,245578.0,231740.0,5.0,569943,565856
DEA24,4.27061027020761,2081.0,23322.0,26498.0,29491.0,38759.0,2.0,82429,82357
DEA26,15.6121485362659,279.0,35823.0,44675.0,44405.0,63235.0,2.0,122432,124927
DEA27,16.6654915358532,665.0,66220.0,74428.0,83100.0,113014.0,3.0,220234,222620
DEA28,14.0721746200513,154.0,26199.0,30468.0,31866.0,48198.0,2.0,88902,91162
DEA29,36.3770081492406,403.0,34667.0,41363.0,43396.0,63013.0,2.0,115221,119772
DEA2A,6.61842569714084,296.0,38913.0,45273.0,45686.0,65603.0,1.0,125616,129730
DEA2B,7.77495052304213,648.0,38874.0,41879.0,45926.0,71346.0,2.0,137504,139434
DEA2C,8.83641134995357,521.0,86727.0,96654.0,102174.0,146229.0,3.0,276574,281367
DEA2D,18.5861195971684,784.0,70837.0,119541.0,95811.0,120854.0,2.0,283294,285331
DEA31,5.98915108061397,1163.0,14921.0,18913.0,20251.0,28383.0,1.0,58864,59323
DEA32,7.70508034472529,2477.0,37452.0,45812.0,46726.0,58470.0,1.0,134372,138840
DEA33,4.11729867201282,1043.0,39909.0,78994.0,63450.0,62986.0,5.0,163769,167261
DEA34,10.3114603741432,260.0,55494.0,66023.0,64126.0,89972.0,1.0,159023,161278
DEA35,11.4077636676416,197.0,30750.0,35995.0,36739.0,55164.0,2.0,97413,97636
DEA36,7.15831259049571,809.0,80416.0,96840.0,103821.0,149516.0,0.0,306681,316695
DEA37,20.1491935844968,249.0,66006.0,77395.0,76398.0,109829.0,3.0,196200,199217
DEA38,7.57548428988853,210.0,40126.0,45874.0,47283.0,67101.0,2.0,124792,126744
DEA41,2.10444036917897,1287.0,47419.0,65204.0,63409.0,70749.0,1.0,169002,171137
DEA42,5.5013670897218,376.0,53573.0,63440.0,65289.0,87476.0,3.0,163566,165121
DEA43,3.18915686665338,558.0,34975.0,40699.0,42794.0,60410.0,1.0,119265,121795
DEA44,12.8095644748079,117.0,19052.0,23085.0,22356.0,34227.0,-2.0,63900,67310
DEA45,8.91311723336841,280.0,50963.0,58070.0,56593.0,80765.0,1.0,165698,172424
DEA46,4.19247998090809,270.0,44517.0,51470.0,51092.0,74045.0,0.0,142599,146148
DEA47,11.1164150215462,246.0,45127.0,59642.0,57739.0,68676.0,3.0,141459,143367
DEA51,7.67335618897284,2508.0,44243.0,69301.0,67103.0,79892.0,1.0,195861,198527
DEA52,3.40399458764861,2096.0,79274.0,110199.0,111900.0,129034.0,2.0,314343,317139
DEA53,7.48535010051756,1167.0,26342.0,31487.0,31816.0,43046.0,1.0,96287,102389
DEA54,21.2195666741121,792.0,25848.0,31964.0,32477.0,39911.0,2.0,87368,86426
DEA55,3.84189328501085,3042.0,20522.0,27360.0,27611.0,36231.0,1.0,79425,83627
DEA56,4.63784606061356,791.0,40812.0,50234.0,53161.0,79610.0,0.0,165781,171878
DEA57,6.92246455121278,133.0,34768.0,43307.0,42650.0,63894.0,-1.0,123329,130246
DEA58,7.80619177373753,387.0,55857.0,67073.0,68235.0,100366.0,-2.0,197928,209813
DEA59,41.7104253718559,189.0,18953.0,22532.0,23479.0,33228.0,-1.0,61075,62740
DEA5A,2.88531590602526,245.0,36952.0,50674.0,47401.0,63662.0,1.0,133058,137409
DEA5B,2.65744533136682,227.0,41993.0,49841.0,51766.0,73303.0,2.0,140211,143361
DEA5C,10.7067472901732,723.0,51623.0,61988.0,66131.0,95286.0,0.0,191434,196996
DEB11,15.8073609610875,1083.0,14032.0,23764.0,21721.0,22885.0,3.0,61693,61449
DEB12,2.33009708737864,164.0,16046.0,20089.0,20208.0,31545.0,2.0,63002,67878
DEB13,8.58081174479106,200.0,17251.0,20991.0,20997.0,31385.0,0.0,58572,62434
DEB14,4.44817243658177,182.0,20992.0,24336.0,25969.0,38064.0,1.0,74029,78701
DEB15,3.7370138767782,103.0,9854.0,12543.0,12820.0,19275.0,0.0,38723,44277
DEB1C,1.6307627077184,89.0,7509.0,9613.0,9525.0,15200.0,-1.0,28236,62810
DEB17,7.4986760150161,261.0,28615.0,33735.0,36974.0,51916.0,2.0,101446,32704
DEB18,2.7590773645293,289.0,25062.0,29443.0,29435.0,43949.0,1.0,85177,107753
DEB1D,5.85268784689368,104.0,13369.0,15936.0,17058.0,25293.0,1.0,47678,97673
DEB1A,4.92125984251968,156.0,15771.0,18531.0,20170.0,30011.0,0.0,58100,89658
DEB1B,10.9682469251517,203.0,27711.0,31978.0,34507.0,50219.0,1.0,90695,52261
DEB21,0.909363718206371,940.0,13119.0,27088.0,22261.0,21837.0,3.0,60675,62793
DEB22,1.78692684321504,96.0,14798.0,17183.0,18936.0,27231.0,1.0,52198,59103
DEB23,5.09273877305738,60.0,13628.0,16277.0,16964.0,23968.0,2.0,44319,51856
DEB24,8.2702041086374,66.0,7551.0,9326.0,9458.0,14743.0,-1.0,28539,32791
DEB25,6.05416459255472,135.0,20974.0,22718.0,26842.0,37036.0,3.0,67433,72698
DEB31,4.12958642191984,1102.0,6817.0,8064.0,8691.0,10683.0,2.0,23702,24541
DEB32,6.01739025784517,714.0,12194.0,22647.0,17641.0,20636.0,3.0,59478,58550
DEB33,4.30941607412196,560.0,5823.0,10611.0,8105.0,10275.0,6.0,23491,24550
DEB34,1.18216584604654,2188.0,25887.0,30830.0,33312.0,36753.0,5.0,83105,85992
DEB35,12.4969336227685,2213.0,27058.0,51249.0,46787.0,41639.0,6.0,114204,117329
DEB36,3.75100808342242,456.0,7021.0,8308.0,8644.0,12606.0,2.0,27072,28597
DEB37,0.0,660.0,5099.0,6599.0,6263.0,9209.0,1.0,21640,24676
DEB38,1.9607074232383,1195.0,6778.0,8332.0,9049.0,12058.0,3.0,25521,25897
DEB39,9.61538461538462,766.0,12029.0,15114.0,15201.0,18444.0,4.0,41471,43216
DEB3A,2.92928701154139,484.0,4333.0,5880.0,6016.0,7568.0,0.0,17158,18372
DEB3B,8.55651578677163,219.0,17997.0,20445.0,22645.0,32227.0,3.0,57201,59617
DEB3C,9.05270940048432,223.0,16773.0,18909.0,20845.0,34161.0,1.0,62595,66628
DEB3D,8.02160485574481,116.0,10136.0,11468.0,12412.0,18813.0,-1.0,34024,36814
DEB3E,4.66704521588973,278.0,17901.0,21493.0,23460.0,31403.0,2.0,58391,60547
DEB3F,0.948442657156948,165.0,14735.0,16682.0,17645.0,25654.0,1.0,48953,59711
DEB3G,1.41928524794913,123.0,8672.0,10671.0,11105.0,17544.0,-1.0,32394,37428
DEB3H,3.61781411671068,173.0,14240.0,16541.0,18003.0,28104.0,1.0,51041,55456
DEB3I,3.24763896647138,505.0,21002.0,22710.0,26476.0,37988.0,3.0,71080,73531
DEB3J,11.9012482029115,347.0,29973.0,32057.0,36882.0,53278.0,3.0,98017,103126
DEB3K,3.15855969677827,100.0,10941.0,13703.0,14508.0,24367.0,-2.0,44260,49598
DEC01,34.7108041945266,800.0,40173.0,57893.0,57308.0,74817.0,1.0,175686,177430
DEC02,1.92925424677091,187.0,12891.0,15835.0,17678.0,26021.0,1.0,48593,50929
DEC03,8.33756527934633,529.0,15559.0,20069.0,21641.0,32475.0,-1.0,66252,69098
DEC04,12.3119857180966,425.0,23783.0,29984.0,32294.0,47395.0,-1.0,93383,97203
DEC05,12.6270597891281,341.0,16777.0,22073.0,22692.0,34642.0,-1.0,70595,73483
DEC06,6.88286510731534,183.0,9951.0,12815.0,13909.0,22171.0,-2.0,41648,43928
DED21,1.80451019277582,1692.0,80510.0,103495.0,119692.0,99914.0,4.0,303086,307942
DED2C,7.31689470988512,126.0,40203.0,31338.0,51391.0,71760.0,-2.0,149490,162239
DED2D,9.43073712999092,121.0,31814.0,27620.0,40176.0,59535.0,-3.0,133768,154125
DED2E,8.26982794622958,167.0,32483.0,25367.0,42110.0,57402.0,-1.0,124242,136002
DED2F,0.817674859768762,148.0,33795.0,26327.0,43187.0,56226.0,-1.0,125360,136222
DED41,2.43610304715889,1118.0,31315.0,37097.0,45471.0,47835.0,2.0,138999,154282
DED42,12.7593788853051,185.0,43086.0,35555.0,56659.0,75502.0,-4.0,174503,195139
DED43,2.94128220295501,145.0,38680.0,35539.0,51500.0,70740.0,-3.0,159046,179026
DED44,9.65937530185548,161.0,27142.0,24867.0,36931.0,52906.0,-3.0,122731,142305
DED45,16.3818740863955,335.0,38905.0,36253.0,52329.0,73398.0,-3.0,170487,192481
DED51,2.03836889720845,1978.0,81791.0,116438.0,134391.0,105110.0,11.0,337120,343840
DED52,1.55475658342241,156.0,33950.0,27024.0,44521.0,63883.0,0.0,131419,142944
DED53,0.0,98.0,25339.0,21593.0,34754.0,49237.0,0.0,100548,109863
DEE01,2.46545284205076,331.0,9054.0,9395.0,12654.0,18567.0,-3.0,45894,49898
DEE02,5.86667560636283,1763.0,31633.0,44960.0,45043.0,45162.0,3.0,137697,144640
DEE03,2.10177642143139,1182.0,30524.0,42707.0,44639.0,47478.0,3.0,138429,142178
DEE04,1.19849469066852,36.0,10780.0,9873.0,14232.0,21696.0,-3.0,40829,45044
DEE05,1.25658923982634,109.0,18179.0,17890.0,26119.0,39756.0,-5.0,84444,93232
DEE06,2.23856373750602,56.0,10989.0,9716.0,14994.0,23315.0,-3.0,45297,49839
DEE07,7.60812313454673,72.0,22215.0,19519.0,30929.0,44162.0,-1.0,83655,90586
DEE08,1.6687433250267,127.0,20991.0,20043.0,29985.0,44343.0,-3.0,93924,104251
DEE09,2.3449627854406,101.0,24615.0,24737.0,34841.0,52384.0,-4.0,112468,125735
DEE0A,1.47199528961507,93.0,15240.0,14217.0,21365.0,33577.0,-5.0,70427,77171
DEE0B,3.81323847448671,128.0,23327.0,20558.0,31991.0,46026.0,-2.0,92847,99941
DEE0C,0.526498678488317,133.0,22240.0,21759.0,30663.0,47426.0,-4.0,101177,113707
DEE0D,5.37037700046543,46.0,13804.0,13520.0,17988.0,28899.0,-3.0,57755,64793
DEE0E,2.39614699563102,65.0,14309.0,13451.0,19767.0,31592.0,-3.0,65507,71057
DEF01,3.37697130700046,1795.0,11383.0,20885.0,15259.0,18237.0,6.0,53944,49936
DEF02,4.42097309636918,2254.0,30806.0,58467.0,49552.0,50456.0,3.0,141793,135502
DEF03,0.46218836949187,1130.0,27328.0,38110.0,38810.0,48358.0,2.0,120311,117638
DEF04,3.78582335348233,1108.0,10736.0,13982.0,13618.0,18012.0,3.0,41822,41747
DEF05,3.75917238060868,93.0,17115.0,21288.0,20201.0,31983.0,0.0,66353,69710
DEF06,9.17019889142484,156.0,27924.0,28977.0,33801.0,48845.0,4.0,94234,94305
DEF07,1.21099095389757,77.0,21208.0,27073.0,26080.0,39705.0,2.0,82615,98180
DEF08,0.0,145.0,23478.0,27406.0,29827.0,49329.0,1.0,104140,113879
DEF09,14.9907344503025,492.0,44044.0,47846.0,55372.0,77027.0,4.0,154347,153527
DEF0A,6.23018994291588,119.0,16538.0,17806.0,19329.0,32186.0,1.0,62938,64742
DEF0B,5.13473169193077,125.0,37404.0,40857.0,43474.0,68398.0,2.0,132913,135449
DEF0C,2.00758868523017,98.0,27551.0,30432.0,31575.0,48588.0,2.0,95587,99078
DEF0D,2.54715882626921,205.0,38484.0,41742.0,49361.0,67510.0,4.0,131731,129715
DEF0E,2.28533122067158,129.0,17418.0,20582.0,20706.0,33868.0,1.0,64800,65468
DEF0F,14.3984926835088,318.0,34690.0,33960.0,42394.0,60265.0,4.0,115327,114370
DEG01,0.935873919065623,793.0,28687.0,36616.0,43173.0,43981.0,4.0,116800,117444
DEG02,23.3451473927715,620.0,11337.0,11587.0,15620.0,20995.0,-1.0,55602,61126
DEG03,2.69820569321401,970.0,14959.0,23919.0,23848.0,18842.0,3.0,62292,62877
DEG04,5.37909147145047,263.0,3840.0,4210.0,5434.0,8676.0,-2.0,21073,21283
DEG05,0.0,761.0,8908.0,11016.0,12575.0,13033.0,1.0,34416,35239
DEG06,10.9793588054458,106.0,14361.0,12455.0,19070.0,23038.0,-1.0,45687,46941
DEG07,2.37744282250012,118.0,10528.0,11162.0,14059.0,19846.0,-1.0,43416,45965
DEG09,2.91987853305302,105.0,13856.0,12490.0,17971.0,24741.0,-1.0,50864,54122
DEG0A,0.0,73.0,9046.0,8411.0,12414.0,18590.0,-3.0,38123,41820
DEG0B,3.99000901742038,100.0,15124.0,14584.0,21724.0,30740.0,-3.0,62529,64586
DEG0C,22.2304557243424,144.0,17351.0,16730.0,23984.0,32629.0,0.0,69412,71893
DEG0D,1.43616257360333,86.0,9145.0,7822.0,12519.0,17306.0,-2.0,34057,35361
DEG0E,1.57408427647216,68.0,7842.0,7317.0,11723.0,15698.0,-2.0,30182,32103
DEG0F,5.65861571397584,132.0,13242.0,14348.0,18658.0,24500.0,-1.0,56283,61070
DEG0G,4.88645109273262,102.0,11432.0,9256.0,14818.0,20204.0,0.0,40675,42772
DEG0H,37.8781357070298,126.0,6483.0,6495.0,9770.0,14409.0,-3.0,30352,31501
DEG0I,0.0,103.0,12144.0,11165.0,17037.0,25450.0,-3.0,55150,61082
DEG0J,3.65826890715314,101.0,10382.0,9122.0,14269.0,20354.0,-2.0,40645,42855
DEG0K,14.8573692551506,70.0,9995.0,8963.0,13687.0,19893.0,-3.0,40797,44600
DEG0L,48.805783485343,116.0,11455.0,9587.0,15575.0,24510.0,-4.0,51178,57407
DEG0M,4.46020383131509,158.0,10124.0,9198.0,13841.0,21883.0,-4.0,49404,55952
DEG0N,9.3749267583847,410.0,5422.0,5807.0,7889.0,9670.0,3.0,23914,24463
DEG0P,1.67324810922964,94.0,15161.0,13610.0,21122.0,29634.0,-3.0,57339,62775
ITC20,115.735235830361,39.0,16630.0,17822.0,22701.0,30843.0,-2.0,60265,108564
ITH10,55.052997937398,72.0,83722.0,90028.0,100173.0,123552.0,3.0,221552,229209
ITH20,74.7828527534862,87.0,77944.0,84723.0,99896.0,125822.0,1.0,233986,339975
LU000,19.8699479856039,241.0,100239.5971,119312.2321,144504.5378,136226.7174,12.0,251280,244111
NL114,3.66953624400948,177.0,19465.0,21053.0,20941.0,31693.0,-9.0,62475,64987
NL115,3.44802957424223,301.0,56589.0,103765.0,70842.0,79708.0,5.0,211243,192574
NL124,8.38616097080684,212.0,51337.0,60828.0,54155.0,68507.0,-1.0,148081,150999
NL125,8.38674056316963,145.0,23207.0,23350.0,22408.0,32440.0,6.0,62202,65525
NL126,13.2494554473811,188.0,29975.0,31200.0,30791.0,42652.0,1.0,82940,85775
NL131,2.57558040704473,183.0,30249.0,29066.0,30719.0,45043.0,2.0,84857,86866
NL132,9.44482158141731,184.0,24760.0,27180.0,26614.0,39257.0,0.0,75492,76996
NL133,16.464724328127,192.0,21291.0,21826.0,22181.0,29349.0,3.0,58253,59823
NL211,31.3875721310552,252.0,67259.0,70941.0,68224.0,77586.0,3.0,157614,158203
NL212,26.2201985060882,369.0,25204.0,28164.0,27484.0,35289.0,2.0,69203,68791
NL213,18.9271761126419,422.0,101842.0,120429.0,108111.0,136530.0,1.0,277269,279448
NL221,36.2294162571535,375.0,118081.0,129997.0,117192.0,145814.0,4.0,293649,289760
NL224,44.3166010808327,323.0,41248.0,43786.0,41026.0,56586.0,3.0,99789,100009
NL225,23.9850847390571,259.0,59357.0,65691.0,60516.0,95269.0,1.0,175476,180177
NL226,31.3854592379664,775.0,110904.0,147865.0,130739.0,162465.0,3.0,354302,335650
NL230,22.5858381988995,284.0,78542.0,80820.0,81991.0,92002.0,4.0,172694,168648
NL311,32.4738343013273,863.0,232013.0,264564.0,258419.0,281809.0,6.0,602452,572804
NL321,16.4073250767439,339.0,59573.0,64559.0,63293.0,84323.0,2.0,165967,169135
NL328,22.6322979057042,820.0,39195.0,41731.0,43164.0,54616.0,4.0,110902,109318
NL323,34.6958581190822,1152.0,30477.0,35002.0,33025.0,46246.0,2.0,88632,89910
NL32A,45.214245965498,1988.0,38688.0,37205.0,45393.0,49332.0,1.0,108415,75799
NL325,31.2931004508524,1346.0,28329.0,30559.0,32779.0,38891.0,3.0,77382,118337
NL32B,30.6649943829288,1746.0,211068.0,298024.0,305263.0,282491.0,5.0,697700,661073
NL327,23.4702299691366,1105.0,43318.0,39567.0,44428.0,57600.0,4.0,116399,112597
NL332,39.2749140932819,3320.0,150148.0,163380.0,181682.0,183226.0,5.0,415242,413639
NL333,18.1366727841952,1491.0,34099.0,55943.0,40745.0,46424.0,4.0,112464,102642
NL337,16.0932569253483,1443.0,67109.0,86793.0,76034.0,91307.0,4.0,198847,190419
NL33B,34.1014714935841,637.0,55532.0,59743.0,58468.0,71984.0,8.0,142320,671585
NL33C,44.2615887558966,1113.0,236127.0,280319.0,280355.0,302268.0,2.0,675428,170664
NL33D,36.6387552450919,934.0,64380.0,67773.0,67042.0,79687.0,-6.0,161330,142557
NL341,12.2241342021872,143.0,14469.0,15757.0,16634.0,24518.0,1.0,49766,54859
NL342,21.1208362419231,258.0,44331.0,47088.0,45765.0,60119.0,2.0,125748,132810
NL411,34.3492772535635,501.0,95999.0,113970.0,110601.0,143526.0,2.0,288574,285320
NL412,59.8688725669144,514.0,73816.0,94485.0,85719.0,102808.0,3.0,217669,211574
NL413,94.2100869817689,477.0,102536.0,116526.0,114440.0,150400.0,3.0,286713,287788
NL414,53.9482226125653,532.0,117102.0,145244.0,140815.0,169095.0,3.0,352921,345910
NL421,68.2899011908492,333.0,41012.0,47986.0,46801.0,65538.0,1.0,125112,125744
NL422,48.9601205172197,344.0,32038.0,38252.0,38795.0,55686.0,2.0,107627,109040
NL423,73.672569301882,915.0,73356.0,108279.0,94912.0,136036.0,0.0,299875,301389
PT150,3.89132669060977,87.0,64860.0,67122.0,92363.0,92348.0,-2.0,185994,382211
PT170,23.4182073397444,953.0,450764.0,430462.0,601066.0,576744.0,1.0,1186200,1492100
RO111,13.5878796113866,74.0,90165.0,95842.0,125722.0,113172.0,-2.0,198811,253352
RO112,29.8908443983477,52.0,49429.0,48289.0,56860.0,57052.0,-2.0,93751,119668
RO113,5.85357217811421,105.0,99741.0,124780.0,174614.0,131619.0,0.0,261465,343533
RO114,14.3680350405897,73.0,72763.0,79576.0,102537.0,95913.0,-3.0,157807,206105
RO115,4.82417393559125,75.0,55466.0,56493.0,75288.0,69594.0,-3.0,115990,146701
RO116,11.342369420972,55.0,35420.0,34376.0,40996.0,44994.0,-4.0,75814,102931
RO121,13.5352130873206,52.0,48136.0,50796.0,65858.0,70284.0,-3.0,114314,153401
RO122,28.6811424228806,102.0,91383.0,85295.0,125388.0,105339.0,-1.0,202852,252886
RO123,8.43203777552924,54.0,34595.0,32188.0,45273.0,40629.0,-3.0,72209,90643
RO124,8.95106749767935,45.0,50029.0,49260.0,68469.0,59883.0,-3.0,107783,135974
RO125,20.049280005996,80.0,88631.0,89451.0,113602.0,107504.0,-2.0,189416,232616
RO126,22.1441027486368,73.0,66905.0,68271.0,90532.0,77752.0,-1.0,140658,184619
RO211,24.0900866730565,88.0,101679.0,103837.0,111405.0,118287.0,-3.0,219727,282485
RO212,25.2282367039309,76.0,64114.0,69191.0,74454.0,76658.0,-5.0,139264,177984
RO213,14.1217780718048,144.0,143152.0,154377.0,180347.0,140413.0,0.0,275329,327867
RO214,18.0825286608079,75.0,72532.0,73115.0,82318.0,90674.0,-4.0,175050,222891
RO215,58.3779611135234,73.0,115770.0,117893.0,120475.0,121454.0,-2.0,216051,271468
RO216,19.1505150690615,71.0,71097.0,66340.0,67831.0,75766.0,-4.0,139910,176607
RO221,16.8740336172074,61.0,40346.0,42022.0,58026.0,63462.0,-6.0,112165,138170
RO222,19.0446802663362,68.0,61088.0,62796.0,79558.0,90013.0,-5.0,153390,202418
RO223,6.26222625125245,95.0,108889.0,105814.0,154515.0,137259.0,-2.0,240851,297762
RO224,31.3569833788142,113.0,77395.0,83554.0,103655.0,106555.0,-4.0,186234,233317
RO225,12.2855153773701,23.0,30224.0,29200.0,39283.0,42661.0,-6.0,76214,97796
RO226,31.4595682252131,66.0,53053.0,52885.0,60956.0,65232.0,-4.0,126325,158632
RO311,36.0383972741867,85.0,82361.0,89740.0,124031.0,130130.0,-4.0,218809,280654
RO312,9.84601535275108,56.0,46469.0,45571.0,56483.0,59382.0,-5.0,99149,128253
RO313,24.4440506236288,121.0,72477.0,81860.0,109843.0,103204.0,-4.0,166874,217429
RO314,4.89128185447308,75.0,39257.0,44533.0,55447.0,54617.0,-4.0,91638,120218
RO315,19.5333864641445,57.0,43596.0,41238.0,49258.0,54493.0,-5.0,92348,114765
RO316,19.4987430274584,152.0,103654.0,106835.0,150524.0,160838.0,-4.0,257168,327620
RO317,6.83964017545164,58.0,44638.0,48723.0,58531.0,71136.0,-8.0,127313,171742
RO321,14.598676864072,7561.0,263755.0,249188.0,519011.0,347164.0,-2.0,715137,865555
RO322,11.3768758677501,303.0,81116.0,77883.0,133641.0,92341.0,12.0,144804,189952
RO411,6.88189389720051,84.0,90092.0,103173.0,136028.0,130439.0,-4.0,229784,286234
RO412,20.8605943372968,57.0,42794.0,52548.0,66872.0,75467.0,-5.0,114567,160678
RO413,24.384397292092,49.0,33279.0,37870.0,48095.0,54922.0,-6.0,93489,132076
RO414,10.3633491311216,72.0,52859.0,62635.0,78053.0,88652.0,-6.0,145255,191105
RO415,6.86689384640475,61.0,46525.0,52206.0,65988.0,77558.0,-4.0,136996,184297
RO421,31.7693353710634,54.0,62802.0,68274.0,91493.0,86304.0,-3.0,149508,196254
RO422,19.5041529125588,32.0,37826.0,42733.0,55150.0,59402.0,-5.0,97039,137671
RO423,29.6658686374519,54.0,53210.0,56357.0,74360.0,92025.0,-5.0,148903,200039
RO424,17.9180642756802,80.0,102598.0,125066.0,178154.0,135128.0,0.0,252538,303556
SI031,18.4582930473763,85.0,15136.0,14822.0,23683.0,25856.0,-2.0,43842,48175
SI032,0.928352823585113,149.0,44620.0,48254.0,68375.0,72264.0,0.0,135272,137427
SI033,1.42209075783216,68.0,10180.0,9768.0,14509.0,15919.0,-1.0,28540,26805
SI034,14.8668051626937,111.0,38656.0,36103.0,55937.0,57112.0,0.0,104020,100917
SI035,21.1543207700173,117.0,8173.0,7716.0,11863.0,12720.0,-2.0,23315,24007
SI036,0.0,78.0,11110.0,10554.0,15730.0,16851.0,4.0,29954,31813
SI037,12.5300198391981,54.0,23211.0,21709.0,30947.0,31110.0,1.0,54013,57247
SI038,0.0,36.0,8362.0,7867.0,11123.0,11073.0,0.0,20638,22230
SI041,4.19649829585678,235.0,87543.0,91480.0,122101.0,112581.0,2.0,217426,215918
SI042,2.94074400823408,95.0,31549.0,27433.0,43998.0,44084.0,0.0,77283,79502
SI043,4.26577483534109,50.0,17381.0,15303.0,24123.0,25543.0,-1.0,45983,50829
SI044,0.871626804267485,110.0,16132.0,15204.0,25301.0,25046.0,2.0,47547,55218
ES120,33.5356321022797,96.0,111282.0,117389.0,203650.0,243911.0,-4.0,447861,616255
ES130,37.9305507204207,108.0,76793.0,75477.0,122362.0,136001.0,-2.0,238583,363405
ES220,82.8145171526666,62.0,100166.0,99003.0,134600.0,145749.0,2.0,256932,320820
ES230,120.766740325813,62.0,45182.0,44343.0,65427.0,71172.0,-1.0,129017,201667
ES300,134.66157837481,822.0,1022234.0,1023103.0,1517069.0,1493791.0,3.0,2613426,3011854
ES620,0.67641378937151,130.0,253987.0,251560.0,336775.0,326033.0,1.0,540682,793812
ES630,7.12995531894667,4229.0,17167.0,16472.0,18387.0,17581.0,-1.0,26788,28039
ES640,2.37871525589029,6180.0,19930.0,17443.0,17128.0,16249.0,0.0,26426,28318
SE110,101.609648114442,328.0,439288.0,441908.0,524625.0,457563.0,8.0,1028615,1077125
SE121,63.9734378056582,44.0,67485.0,79465.0,72849.0,68155.0,9.0,171664,177895
SE122,85.623102669884,42.0,53719.0,51079.0,50975.0,56189.0,6.0,134829,140221
SE123,56.870398200906,38.0,80823.0,90985.0,84636.0,86118.0,5.0,214942,228078
SE124,56.4298702112985,31.0,53248.0,58390.0,54080.0,56323.0,6.0,143453,150573
SE125,66.6499131365886,48.0,48256.0,49652.0,48690.0,53156.0,5.0,127512,135181
SE211,50.0519876999314,31.0,66241.0,67717.0,64631.0,68082.0,6.0,161101,170212
SE212,53.8795791406207,21.0,36514.0,37854.0,36405.0,36316.0,7.0,90945,96290
SE213,25.3248318145242,21.0,40550.0,41698.0,39932.0,46819.0,4.0,116109,124033
SE214,10.1010101010101,19.0,9217.0,9871.0,9387.0,11734.0,4.0,27798,29170
SE221,10.0219857311978,52.0,27145.0,27918.0,27144.0,30510.0,4.0,74672,79682
SE224,20.8578504557989,121.0,248987.0,252925.0,268781.0,256258.0,7.0,614125,638714
SE231,24.5108422651649,58.0,60021.0,57288.0,57901.0,64529.0,7.0,144500,149212
SE232,49.4684186731613,59.0,303196.0,325049.0,334202.0,324727.0,6.0,776293,814191
SE311,25.9239398706644,13.0,45910.0,49804.0,46809.0,54562.0,3.0,136918,146177
SE312,60.5697735943635,9.0,48793.0,48213.0,47986.0,54227.0,3.0,136311,146394
SE313,56.5265482865826,15.0,47535.0,49805.0,47204.0,55902.0,3.0,137737,147150
SE321,54.2626803316143,11.0,40797.0,41135.0,41308.0,47408.0,1.0,117097,127571
SE322,49.1087528678744,2.0,22119.0,22574.0,22549.0,24474.0,3.0,62876,70957
SE331,11.4621232289171,5.0,45515.0,54533.0,49352.0,48138.0,3.0,129104,140988
SE332,35.1919762294197,2.0,38609.0,45117.0,41323.0,48779.0,0.0,122255,133814
CH011,33.8744528092756,276.0,129682.0,154695.0,173840.0,172472.0,6.0,348911,408755
CH012,30.1404719881988,66.0,50223.0,62745.0,67311.0,77280.0,5.0,149720,255191
CH013,26.5020484290064,2041.0,78674.0,93192.0,114020.0,108257.0,6.0,202747,233757
CH021,3.17225335730147,175.0,148232.0,174359.0,206546.0,231870.0,3.0,471195,568114
CH022,21.9530706073474,191.0,53117.0,61675.0,66007.0,71443.0,6.0,129968,149166
CH023,11.2987760874161,347.0,38593.0,47519.0,53064.0,64238.0,4.0,121260,136968
CH024,12.3291432926658,222.0,27831.0,33057.0,35350.0,38683.0,1.0,81132,95330
CH031,51.6320323083608,5297.0,25663.0,32259.0,46433.0,41071.0,3.0,97123,110422
CH033,26.926217749233,484.0,103845.0,117142.0,141760.0,157038.0,6.0,292202,321109
CH040,26.3001522916549,885.0,231288.0,258549.0,364080.0,331901.0,6.0,680677,743896
CH051,449.355432780847,59.0,5793.0,7257.0,7910.0,9095.0,3.0,17985,22814
CH052,111.930311214931,276.0,11460.0,13937.0,15836.0,18420.0,4.0,37177,42294
CH055,27.3031375037075,257.0,77477.0,95971.0,101938.0,111993.0,3.0,219959,257078
CH057,12.2525171715424,322.0,42026.0,49858.0,55364.0,64894.0,6.0,119727,133658
CH061,4.62404111989408,275.0,62505.0,77019.0,84642.0,91652.0,5.0,176082,197239
CH062,243.056503809706,34.0,5408.0,6549.0,6815.0,8134.0,2.0,15253,19855
CH070,39.1377310252396,126.0,47262.0,55564.0,66137.0,85262.0,2.0,163212,240779
UKC11,71.0768484252036,978.0,54266.0,51717.0,53791.0,61323.0,2.0,127966,131141
UKC12,93.0985340561599,935.0,51533.0,54100.0,47407.0,55762.0,2.0,123934,127842
UKC13,65.2121257289784,544.0,19132.0,17457.0,19674.0,22915.0,2.0,49313,51196
UKC14,93.523541776044,238.0,86325.0,99354.0,89104.0,113423.0,3.0,240247,243637
UKC21,65.6853115869509,64.0,49467.0,47312.0,52108.0,71981.0,2.0,146964,156468
UKC22,69.9295050583496,2142.0,144071.0,186390.0,161494.0,169924.0,3.0,396391,397811
UKC23,96.6723237878365,2021.0,46434.0,52562.0,48995.0,58993.0,1.0,126170,128789
UKD11,75.8621865357405,114.0,37355.0,37116.0,37712.0,52973.0,0.0,107465,114878
UKD12,82.568670233434,57.0,40335.0,39638.0,41553.0,60276.0,1.0,124390,136142
UKD33,66.1415211100178,4778.0,106168.0,169423.0,123404.0,82110.0,6.0,234751,226986
UKD34,92.4891910830727,2440.0,97413.0,93117.0,105505.0,96998.0,4.0,222897,217376
UKD35,105.5834445159,2275.0,97279.0,85966.0,99094.0,110551.0,3.0,233986,232677
UKD36,98.5316031595043,1881.0,116241.0,108001.0,116317.0,130350.0,2.0,272176,271202
UKD37,97.2182973129047,1630.0,132847.0,119608.0,124752.0,130445.0,3.0,277634,273135
UKD41,59.3503470995019,1096.0,32649.0,28965.0,30189.0,29018.0,2.0,60586,61114
UKD42,92.8332714444857,4010.0,24609.0,24390.0,23332.0,30682.0,0.0,65965,70117
UKD44,99.255198297153,307.0,39650.0,51626.0,38780.0,52224.0,3.0,114496,116190
UKD45,68.797709440968,394.0,68111.0,71580.0,67413.0,84082.0,3.0,174961,181108
UKD46,56.1948886564041,682.0,65392.0,57241.0,62815.0,68026.0,3.0,147563,150559
UKD47,79.5353416365364,432.0,39107.0,41211.0,39275.0,50636.0,4.0,100212,101802
UKD61,73.0311235885787,1158.0,37623.0,35127.0,40356.0,46878.0,2.0,92377,92572
UKD62,95.6027925393352,330.0,64796.0,56172.0,64396.0,87318.0,3.0,171974,177138
UKD63,91.1245290928888,383.0,57973.0,57365.0,58991.0,74589.0,3.0,153454,159953
UKD71,82.7165679986488,1520.0,84662.0,81373.0,83751.0,97377.0,3.0,204584,149348
UKD72,74.741710282696,4468.0,81579.0,131140.0,98859.0,88912.0,5.0,229548,229368
UKD73,80.0187431290212,1879.0,45281.0,44024.0,44704.0,60094.0,1.0,124412,127018
UKD74,93.4013770558288,2116.0,57213.0,52281.0,55797.0,69692.0,1.0,148853,149142
UKE11,69.3782640186025,3656.0,49565.0,59266.0,51681.0,49209.0,2.0,119758,121704
UKE12,69.2393314460503,142.0,52659.0,47683.0,52425.0,77311.0,2.0,152518,160159
UKE13,36.8029873254102,320.0,59871.0,55065.0,58622.0,71043.0,2.0,148787,151600
UKE21,50.0521770336058,780.0,31183.0,54587.0,37433.0,39154.0,4.0,92940,90490
UKE22,56.9907281090218,77.0,97914.0,90425.0,98122.0,140390.0,3.0,275951,293891
UKE31,86.3121501879767,700.0,149291.0,142259.0,151442.0,175311.0,3.0,364500,365641
UKE32,70.0987848409676,1599.0,100682.0,151540.0,106827.0,106791.0,4.0,252982,249034
UKE41,74.251939416328,1479.0,121253.0,102995.0,108743.0,100851.0,2.0,214932,216372
UKE42,57.6864346390073,1444.0,145654.0,193121.0,153346.0,143093.0,4.0,353918,349773
UKE44,54.9168980366062,847.0,124411.0,117109.0,122649.0,136546.0,2.0,284135,284395
UKE45,73.7264261903806,1031.0,62796.0,58837.0,65624.0,74954.0,5.0,156046,156862
UKF11,87.6766084988374,3322.0,51410.0,53745.0,49919.0,49284.0,3.0,110574,110902
UKF12,70.9854097145621,573.0,45813.0,46808.0,49039.0,64318.0,2.0,131498,132052
UKF13,70.6499798142915,252.0,83660.0,82231.0,88429.0,118350.0,3.0,228905,232966
UKF14,50.9290049670759,4479.0,59388.0,109060.0,60812.0,52707.0,6.0,143095,138443
UKF15,51.6530005792664,324.0,82878.0,79068.0,84075.0,105059.0,4.0,211753,212010
UKF16,57.4029974594911,578.0,59272.0,57886.0,64634.0,75830.0,3.0,155432,153533
UKF21,76.5237014011657,4889.0,72636.0,97953.0,70838.0,58196.0,6.0,139391,137257
UKF22,54.3422839323955,301.0,125034.0,132707.0,129790.0,160557.0,6.0,317975,319076
UKF24,79.3875815140346,294.0,78308.0,68679.0,79530.0,85796.0,5.0,174618,173464
UKF25,73.6695761849479,354.0,67669.0,55748.0,67190.0,74612.0,7.0,151963,150482
UKF30,35.0299000532664,130.0,123638.0,126327.0,124786.0,160522.0,4.0,340408,340531
UKG11,50.5942239981827,89.0,30575.0,29405.0,31955.0,41472.0,3.0,85991,85963
UKG12,72.1901935233169,343.0,99900.0,96102.0,102044.0,127691.0,4.0,262926,266290
UKG13,77.1678530862806,292.0,98530.0,100374.0,102898.0,122345.0,5.0,253541,258084
UKG21,42.8802138441833,619.0,34893.0,33057.0,34084.0,37288.0,6.0,74453,76392
UKG22,58.4759134927756,101.0,49746.0,49566.0,51912.0,71925.0,4.0,142334,145979
UKG23,58.6102765939278,2760.0,49933.0,51345.0,48884.0,49641.0,3.0,115828,116077
UKG24,78.6630455973631,337.0,143162.0,149798.0,152235.0,192898.0,3.0,383515,386367
UKG31,83.4694058543354,4299.0,247318.0,283551.0,228599.0,193900.0,4.0,457306,440439
UKG32,89.5585777728536,1216.0,39754.0,35513.0,37412.0,46318.0,3.0,93957,92339
UKG33,55.4903080520208,3767.0,68745.0,103400.0,73806.0,59503.0,10.0,156487,141796
UKG36,77.3775809292119,3302.0,58904.0,55372.0,58106.0,67204.0,2.0,139359,139297
UKG37,96.0355786067873,3861.0,70667.0,62403.0,68594.0,63216.0,4.0,135299,132679
UKG38,104.946477296579,2753.0,58335.0,53231.0,53857.0,55620.0,4.0,118983,116281
UKG39,91.5418368890906,3811.0,53052.0,50565.0,52424.0,51334.0,4.0,112478,110871
UKH11,43.8408527784756,592.0,44902.0,35668.0,45004.0,37987.0,7.0,85218,84154
UKH12,45.2260617845869,215.0,115676.0,122300.0,123815.0,135118.0,3.0,276239,281761
UKH14,60.4704126909334,200.0,129923.0,121260.0,130127.0,158147.0,3.0,339077,344948
UKH15,32.1808132627858,486.0,59794.0,75172.0,65906.0,72256.0,3.0,170308,170771
UKH16,65.8539514307739,109.0,38867.0,35440.0,38427.0,53092.0,2.0,117457,133936
UKH17,38.5509139779189,127.0,46744.0,41439.0,47111.0,58948.0,6.0,122697,123179
UKH21,85.9150416339648,4972.0,49723.0,42155.0,49944.0,37724.0,2.0,82259,80190
UKH23,71.2401740942231,727.0,231685.0,200654.0,246316.0,249725.0,3.0,505062,495053
UKH24,98.1133382197623,364.0,34277.0,28649.0,34521.0,35886.0,6.0,72922,75391
UKH25,80.2621431388081,401.0,53726.0,45084.0,58565.0,61892.0,6.0,122173,120938
UKH31,88.6568219520818,4403.0,34000.0,29455.0,36735.0,38610.0,3.0,82241,81260
UKH32,72.288741889031,1054.0,38237.0,30485.0,39026.0,34579.0,7.0,71744,68049
UKH34,67.1908361413841,387.0,85033.0,87029.0,85527.0,100271.0,5.0,217943,216960
UKH35,86.2272200279673,307.0,59130.0,49892.0,59613.0,66681.0,4.0,132699,132220
UKH36,71.4484058269451,377.0,55580.0,51424.0,59492.0,69325.0,3.0,138741,138528
UKH37,90.7064172058052,1115.0,65461.0,61241.0,66519.0,76612.0,3.0,157156,153016
UKI31,74.1400301648162,11042.0,45228.0,69315.0,69804.0,46729.0,13.0,127902,112303
UKI32,50.9055008792768,11784.0,41186.0,55174.0,72937.0,47276.0,11.0,129937,125666
UKI33,59.1743438609519,11679.0,57318.0,70461.0,90691.0,66532.0,3.0,166928,177314
UKI34,53.7058557588152,9368.0,56917.0,73748.0,103686.0,52959.0,6.0,146185,148199
UKI41,46.2259272607612,11066.0,130995.0,147963.0,190005.0,100323.0,9.0,245657,227311
UKI42,37.5011234840713,14979.0,62183.0,86855.0,100932.0,43514.0,14.0,135180,122359
UKI43,54.4557440113268,11582.0,88315.0,127173.0,141248.0,89893.0,5.0,227194,213251
UKI44,62.0952435681938,9618.0,117238.0,138853.0,175375.0,115732.0,5.0,274018,261802
UKI45,73.6397191953187,12073.0,54354.0,81293.0,98013.0,56382.0,3.0,146741,141652
UKI51,67.0616056517515,4701.0,109119.0,104268.0,126619.0,103488.0,6.0,223675,213026
UKI52,68.3803976193491,3116.0,105011.0,89776.0,102824.0,88057.0,7.0,194784,178047
UKI53,69.5324752536142,6153.0,123644.0,113282.0,148901.0,106608.0,4.0,222020,208443
UKI54,72.2347898205426,4098.0,72842.0,63896.0,74251.0,66209.0,4.0,134448,126505
UKI61,74.0023908464735,2226.0,64564.0,51203.0,72283.0,70657.0,4.0,147229,139824
UKI62,93.2924770698946,4490.0,81376.0,68245.0,87143.0,79520.0,3.0,161690,161509
UKI63,71.1020822752666,4982.0,116817.0,102152.0,145549.0,117353.0,3.0,246987,236070
UKI71,79.2877235333034,4571.0,80219.0,72161.0,93496.0,75353.0,6.0,157353,152543
UKI72,116.352644473699,7722.0,67263.0,67792.0,80847.0,61574.0,4.0,123089,119691
UKI73,74.7095195044172,6202.0,70733.0,63112.0,83484.0,66579.0,1.0,131236,134738
UKI74,90.3984678710268,3372.0,113739.0,106660.0,126581.0,105063.0,4.0,209295,202070
UKI75,63.1868656134109,4093.0,96497.0,78054.0,116955.0,94052.0,3.0,194602,187209
UKJ11,52.6644512777658,728.0,186210.0,158988.0,197537.0,189233.0,4.0,377635,377061
UKJ12,39.1583178177734,878.0,59371.0,44098.0,63367.0,52968.0,4.0,111323,112726
UKJ13,47.1715428949011,348.0,105718.0,85480.0,103226.0,118289.0,4.0,225005,224921
UKJ14,41.2376485312332,266.0,123692.0,135593.0,131350.0,139783.0,3.0,285084,294244
UKJ21,34.817158715042,3546.0,43099.0,80324.0,60938.0,57338.0,4.0,135143,128263
UKJ22,42.0465016416028,326.0,89453.0,82429.0,86883.0,120261.0,4.0,255888,254716
UKJ25,56.5940942991218,794.0,147583.0,138003.0,151411.0,168532.0,3.0,330170,328917
UKJ26,85.2828012195934,606.0,75291.0,60733.0,77176.0,89274.0,3.0,170967,168934
UKJ27,33.178500331785,423.0,73094.0,66348.0,74573.0,96354.0,4.0,211339,212423
UKJ28,62.6946964205247,449.0,76007.0,62332.0,80330.0,88189.0,5.0,174469,173578
UKJ31,35.0765453295118,5358.0,38126.0,57837.0,41467.0,39136.0,4.0,93846,91118
UKJ32,48.3175286566156,4961.0,44390.0,74721.0,49850.0,40957.0,4.0,110159,107405
UKJ34,51.1831726555653,375.0,20862.0,20497.0,20617.0,30724.0,3.0,65608,70827
UKJ35,53.5816526050838,1965.0,78725.0,75751.0,81281.0,99015.0,3.0,202690,201194
UKJ36,50.8658926152464,217.0,91719.0,84081.0,88164.0,121122.0,4.0,239747,243011
UKJ37,51.9295056960177,417.0,70195.0,59166.0,76625.0,80976.0,2.0,153959,155416
UKJ41,61.1268793834407,1443.0,54983.0,53717.0,55532.0,56503.0,2.0,117014,115269
UKJ43,76.0225026607876,673.0,73331.0,63085.0,73683.0,75625.0,6.0,155847,152611
UKJ44,88.44857862394,499.0,87720.0,103890.0,85023.0,108024.0,4.0,240297,242916
UKJ45,71.7533272712243,311.0,57704.0,49519.0,56522.0,64219.0,6.0,128195,126127
UKJ46,44.0848364291282,395.0,70620.0,56437.0,68755.0,81951.0,4.0,157104,157536
UKK11,30.1487552412863,4222.0,82205.0,129405.0,102567.0,73923.0,6.0,207898,200733
UKK12,39.2431956898609,569.0,117815.0,132977.0,123156.0,142213.0,5.0,302711,299116
UKK13,60.6859704359223,240.0,108275.0,104877.0,112140.0,138815.0,5.0,283219,291224
UKK14,46.889443623259,974.0,43334.0,37103.0,47403.0,48570.0,4.0,98359,98897
UKK15,41.8375031378127,154.0,89496.0,76859.0,87536.0,111137.0,4.0,214460,219162
UKK24,28.6931768128928,2435.0,64198.0,71955.0,75072.0,78718.0,3.0,183058,297207
UKK25,26.3499750992735,152.0,56227.0,51812.0,54214.0,81340.0,3.0,171550,173959
UKK23,24.4538203778292,164.0,93221.0,85367.0,89063.0,121328.0,4.0,251110,150871
UKK30,24.9423100067501,161.0,91542.0,89389.0,89409.0,122307.0,5.0,257369,281790
UKK41,27.9437198377754,3307.0,45134.0,58772.0,47845.0,50549.0,1.0,117836,119809
UKK42,34.3461802662925,2178.0,21597.0,19953.0,20586.0,29097.0,3.0,64056,66772
UKK43,18.8043192649628,122.0,123295.0,131324.0,124481.0,168090.0,5.0,359829,377142
UKM71,92.190767431925,119.0,40945.0,55050.0,47408.0,53775.0,1.0,127136,131760
UKM72,58.8762379256799,288.0,69763.0,75653.0,73826.0,93347.0,2.0,194614,203119
UKM73,102.767638824905,191.0,35016.0,32174.0,35804.0,43701.0,5.0,87035,89810
UKM91,64.6211905808153,25.0,18011.0,16662.0,17256.0,27233.0,2.0,55441,58764
UKM75,82.4739889727086,1979.0,74631.0,125411.0,121355.0,95039.0,6.0,253440,252497
UKM76,87.2422178085497,544.0,26834.0,27079.0,30837.0,36863.0,2.0,73771,75382
UKM77,50.9923268689092,32.0,37508.0,44660.0,41116.0,54470.0,3.0,110984,114754
UKM78,54.586940620326,428.0,33624.0,31659.0,36187.0,41419.0,3.0,79552,80547
UKM81,117.117316948739,283.0,36893.0,38492.0,37177.0,50870.0,1.0,101447,92488
UKM92,32.0029869454482,23.0,22141.0,22512.0,22081.0,34035.0,0.0,69987,75154
UKM93,71.8634751913069,148.0,40986.0,43072.0,42014.0,57287.0,0.0,117037,127284
UKM82,103.530353289391,3577.0,95022.0,155160.0,142778.0,120163.0,5.0,316693,314216
UKM83,121.076677180724,591.0,58874.0,60944.0,62001.0,80015.0,2.0,164095,166389
UKM84,79.6801078024988,724.0,59480.0,61626.0,65571.0,76034.0,1.0,152892,156508
UKM94,98.6436498150432,93.0,16673.0,17292.0,17306.0,25446.0,1.0,53591,55823
UKM95,98.4791822488158,181.0,52468.0,53376.0,58339.0,73731.0,2.0,147463,152649
UKM50,48.8879512499899,76.0,79867.0,93278.0,102006.0,102445.0,1.0,223513,238572
UKM61,54.2195573132615,7.0,14288.0,13963.0,14621.0,21406.0,0.0,43211,45593
UKM62,10.2029909339138,26.0,33034.0,33816.0,37637.0,45456.0,2.0,92267,119028
UKM63,63.8365783593999,7.0,14268.0,14144.0,14644.0,23403.0,0.0,47738,48232
UKM64,0.0,9.0,4085.0,3629.0,4335.0,6237.0,0.0,12805,14768
UKM65,8.99563711599874,22.0,3323.0,3331.0,3633.0,5110.0,3.0,10455,11359
UKN06,47.0093902707973,2551.0,64904.0,76998.0,70748.0,64102.0,2.0,152079,159521
UKN07,27.2949754113908,149.0,46058.0,39068.0,43531.0,43260.0,5.0,85092,87189
UKN08,18.7331952219333,112.0,38670.0,33525.0,34762.0,36623.0,3.0,68063,71666
UKN09,27.7525948676201,354.0,28569.0,25697.0,29009.0,34589.0,3.0,69698,74409
UKN10,13.8414690412476,122.0,31104.0,29552.0,28886.0,31650.0,2.0,59305,63618
UKN11,20.1819062483182,76.0,32712.0,28258.0,30750.0,28429.0,4.0,53268,55767
UKN12,26.8436050273254,73.0,26888.0,26533.0,26101.0,31118.0,2.0,57568,65621
UKN13,42.4601848758214,198.0,28347.0,25994.0,28121.0,29604.0,3.0,58263,61291
UKN14,34.2803861342694,288.0,27776.0,25027.0,28694.0,31134.0,5.0,59084,62324
UKN15,31.458456962686,134.0,25317.0,24406.0,25114.0,30429.0,2.0,58436,60839
UKN16,9.3407946468755,39.0,24022.0,20640.0,22588.0,23918.0,2.0,44845,49174
